case_id	entry	opcode	direction	byte_offset	qword_index	bit_index	expected_class	expected_field	evidence_mode	correlation_group	driver_result_class	model_consumer	expected_outcome	expected_status_code	expected_ready	expected_value_delta	oracle_case_id
cmq_sqe_qpc_create_request	CMQ_SQE	QPC_CREATE	REQUEST	7	0	0	HOST_TYPED	qpn	TYPED_RECOMPOSE	-	ENCODED	CMQ_REQUEST_COMPOSER	ACCEPT	OK	1	1	cmq_sqe_qpc_create_request
cmq_sqe_qpc_create_request	CMQ_SQE	QPC_CREATE	REQUEST	7	0	1	HOST_TYPED	qpn	TYPED_RECOMPOSE	-	ENCODED	CMQ_REQUEST_COMPOSER	ACCEPT	OK	1	1	cmq_sqe_qpc_create_request
cmq_sqe_qpc_create_request	CMQ_SQE	QPC_CREATE	REQUEST	7	0	2	HOST_TYPED	qpn	TYPED_RECOMPOSE	-	ENCODED	CMQ_REQUEST_COMPOSER	ACCEPT	OK	1	1	cmq_sqe_qpc_create_request
cmq_sqe_qpc_create_request	CMQ_SQE	QPC_CREATE	REQUEST	7	0	3	HOST_TYPED	qpn	TYPED_RECOMPOSE	-	ENCODED	CMQ_REQUEST_COMPOSER	ACCEPT	OK	1	1	cmq_sqe_qpc_create_request
cmq_sqe_qpc_create_request	CMQ_SQE	QPC_CREATE	REQUEST	7	0	4	HOST_TYPED	qpn	TYPED_RECOMPOSE	-	ENCODED	CMQ_REQUEST_COMPOSER	ACCEPT	OK	1	1	cmq_sqe_qpc_create_request
cmq_sqe_qpc_create_request	CMQ_SQE	QPC_CREATE	REQUEST	7	0	5	HOST_TYPED	qpn	TYPED_RECOMPOSE	-	ENCODED	CMQ_REQUEST_COMPOSER	ACCEPT	OK	1	1	cmq_sqe_qpc_create_request
cmq_sqe_qpc_create_request	CMQ_SQE	QPC_CREATE	REQUEST	7	0	6	HOST_TYPED	qpn	TYPED_RECOMPOSE	-	ENCODED	CMQ_REQUEST_COMPOSER	ACCEPT	OK	1	1	cmq_sqe_qpc_create_request
cmq_sqe_qpc_create_request	CMQ_SQE	QPC_CREATE	REQUEST	7	0	7	HOST_TYPED	qpn	TYPED_RECOMPOSE	-	ENCODED	CMQ_REQUEST_COMPOSER	ACCEPT	OK	1	1	cmq_sqe_qpc_create_request
cmq_sqe_qpc_create_request	CMQ_SQE	QPC_CREATE	REQUEST	6	0	8	HOST_TYPED	qpn	TYPED_RECOMPOSE	-	ENCODED	CMQ_REQUEST_COMPOSER	ACCEPT	OK	1	1	cmq_sqe_qpc_create_request
cmq_sqe_qpc_create_request	CMQ_SQE	QPC_CREATE	REQUEST	6	0	9	HOST_TYPED	qpn	TYPED_RECOMPOSE	-	ENCODED	CMQ_REQUEST_COMPOSER	ACCEPT	OK	1	1	cmq_sqe_qpc_create_request
cmq_sqe_qpc_create_request	CMQ_SQE	QPC_CREATE	REQUEST	6	0	10	HOST_TYPED	qpn	TYPED_RECOMPOSE	-	ENCODED	CMQ_REQUEST_COMPOSER	ACCEPT	OK	1	1	cmq_sqe_qpc_create_request
cmq_sqe_qpc_create_request	CMQ_SQE	QPC_CREATE	REQUEST	6	0	11	HOST_TYPED	qpn	TYPED_RECOMPOSE	-	ENCODED	CMQ_REQUEST_COMPOSER	ACCEPT	OK	1	1	cmq_sqe_qpc_create_request
cmq_sqe_qpc_create_request	CMQ_SQE	QPC_CREATE	REQUEST	6	0	12	HOST_TYPED	qpn	TYPED_RECOMPOSE	-	ENCODED	CMQ_REQUEST_COMPOSER	ACCEPT	OK	1	1	cmq_sqe_qpc_create_request
cmq_sqe_qpc_create_request	CMQ_SQE	QPC_CREATE	REQUEST	6	0	13	HOST_TYPED	qpn	TYPED_RECOMPOSE	-	ENCODED	CMQ_REQUEST_COMPOSER	ACCEPT	OK	1	1	cmq_sqe_qpc_create_request
cmq_sqe_qpc_create_request	CMQ_SQE	QPC_CREATE	REQUEST	6	0	14	HOST_TYPED	qpn	TYPED_RECOMPOSE	-	ENCODED	CMQ_REQUEST_COMPOSER	ACCEPT	OK	1	1	cmq_sqe_qpc_create_request
cmq_sqe_qpc_create_request	CMQ_SQE	QPC_CREATE	REQUEST	6	0	15	HOST_TYPED	qpn	TYPED_RECOMPOSE	-	ENCODED	CMQ_REQUEST_COMPOSER	ACCEPT	OK	1	1	cmq_sqe_qpc_create_request
cmq_sqe_qpc_create_request	CMQ_SQE	QPC_CREATE	REQUEST	5	0	16	HOST_TYPED	qpn	TYPED_RECOMPOSE	-	ENCODED	CMQ_REQUEST_COMPOSER	ACCEPT	OK	1	1	cmq_sqe_qpc_create_request
cmq_sqe_qpc_create_request	CMQ_SQE	QPC_CREATE	REQUEST	5	0	17	HOST_TYPED	qpn	TYPED_RECOMPOSE	-	ENCODED	CMQ_REQUEST_COMPOSER	ACCEPT	OK	1	1	cmq_sqe_qpc_create_request
cmq_sqe_qpc_create_request	CMQ_SQE	QPC_CREATE	REQUEST	5	0	18	HOST_TYPED	qpn	TYPED_RECOMPOSE	-	ENCODED	CMQ_REQUEST_COMPOSER	ACCEPT	OK	1	1	cmq_sqe_qpc_create_request
cmq_sqe_qpc_create_request	CMQ_SQE	QPC_CREATE	REQUEST	5	0	19	HOST_TYPED	qpn	TYPED_RECOMPOSE	-	ENCODED	CMQ_REQUEST_COMPOSER	ACCEPT	OK	1	1	cmq_sqe_qpc_create_request
cmq_sqe_qpc_create_request	CMQ_SQE	QPC_CREATE	REQUEST	5	0	20	HOST_TYPED	qpn	TYPED_RECOMPOSE	-	ENCODED	CMQ_REQUEST_COMPOSER	ACCEPT	OK	1	1	cmq_sqe_qpc_create_request
cmq_sqe_qpc_create_request	CMQ_SQE	QPC_CREATE	REQUEST	5	0	21	HOST_TYPED	qpn	TYPED_RECOMPOSE	-	ENCODED	CMQ_REQUEST_COMPOSER	ACCEPT	OK	1	1	cmq_sqe_qpc_create_request
cmq_sqe_qpc_create_request	CMQ_SQE	QPC_CREATE	REQUEST	5	0	22	HOST_TYPED	qpn	TYPED_RECOMPOSE	-	ENCODED	CMQ_REQUEST_COMPOSER	ACCEPT	OK	1	1	cmq_sqe_qpc_create_request
cmq_sqe_qpc_create_request	CMQ_SQE	QPC_CREATE	REQUEST	5	0	23	HOST_TYPED	qpn	TYPED_RECOMPOSE	-	ENCODED	CMQ_REQUEST_COMPOSER	ACCEPT	OK	1	1	cmq_sqe_qpc_create_request
cmq_sqe_qpc_create_request	CMQ_SQE	QPC_CREATE	REQUEST	4	0	24	RESERVED_ZERO	-	STATIC_UNWRITABLE	-	STATIC_UNWRITABLE	CMQ_REQUEST_COMPOSER	REJECT	-	-	0	cmq_sqe_qpc_create_request
cmq_sqe_qpc_create_request	CMQ_SQE	QPC_CREATE	REQUEST	4	0	25	RESERVED_ZERO	-	STATIC_UNWRITABLE	-	STATIC_UNWRITABLE	CMQ_REQUEST_COMPOSER	REJECT	-	-	0	cmq_sqe_qpc_create_request
cmq_sqe_qpc_create_request	CMQ_SQE	QPC_CREATE	REQUEST	4	0	26	RESERVED_ZERO	-	STATIC_UNWRITABLE	-	STATIC_UNWRITABLE	CMQ_REQUEST_COMPOSER	REJECT	-	-	0	cmq_sqe_qpc_create_request
cmq_sqe_qpc_create_request	CMQ_SQE	QPC_CREATE	REQUEST	4	0	27	RESERVED_ZERO	-	STATIC_UNWRITABLE	-	STATIC_UNWRITABLE	CMQ_REQUEST_COMPOSER	REJECT	-	-	0	cmq_sqe_qpc_create_request
cmq_sqe_qpc_create_request	CMQ_SQE	QPC_CREATE	REQUEST	4	0	28	RESERVED_ZERO	-	STATIC_UNWRITABLE	-	STATIC_UNWRITABLE	CMQ_REQUEST_COMPOSER	REJECT	-	-	0	cmq_sqe_qpc_create_request
cmq_sqe_qpc_create_request	CMQ_SQE	QPC_CREATE	REQUEST	4	0	29	RESERVED_ZERO	-	STATIC_UNWRITABLE	-	STATIC_UNWRITABLE	CMQ_REQUEST_COMPOSER	REJECT	-	-	0	cmq_sqe_qpc_create_request
cmq_sqe_qpc_create_request	CMQ_SQE	QPC_CREATE	REQUEST	4	0	30	RESERVED_ZERO	-	STATIC_UNWRITABLE	-	STATIC_UNWRITABLE	CMQ_REQUEST_COMPOSER	REJECT	-	-	0	cmq_sqe_qpc_create_request
cmq_sqe_qpc_create_request	CMQ_SQE	QPC_CREATE	REQUEST	4	0	31	RESERVED_ZERO	-	STATIC_UNWRITABLE	-	STATIC_UNWRITABLE	CMQ_REQUEST_COMPOSER	REJECT	-	-	0	cmq_sqe_qpc_create_request
cmq_sqe_qpc_create_request	CMQ_SQE	QPC_CREATE	REQUEST	3	0	32	HOST_FIXED	opcode	STATIC_CANONICAL	-	STATIC_CANONICAL	CMQ_REQUEST_COMPOSER	CANONICAL	-	-	0	cmq_sqe_qpc_create_request
cmq_sqe_qpc_create_request	CMQ_SQE	QPC_CREATE	REQUEST	3	0	33	HOST_FIXED	opcode	STATIC_CANONICAL	-	STATIC_CANONICAL	CMQ_REQUEST_COMPOSER	CANONICAL	-	-	0	cmq_sqe_qpc_create_request
cmq_sqe_qpc_create_request	CMQ_SQE	QPC_CREATE	REQUEST	3	0	34	HOST_FIXED	opcode	STATIC_CANONICAL	-	STATIC_CANONICAL	CMQ_REQUEST_COMPOSER	CANONICAL	-	-	0	cmq_sqe_qpc_create_request
cmq_sqe_qpc_create_request	CMQ_SQE	QPC_CREATE	REQUEST	3	0	35	HOST_FIXED	opcode	STATIC_CANONICAL	-	STATIC_CANONICAL	CMQ_REQUEST_COMPOSER	CANONICAL	-	-	0	cmq_sqe_qpc_create_request
cmq_sqe_qpc_create_request	CMQ_SQE	QPC_CREATE	REQUEST	3	0	36	HOST_FIXED	opcode	STATIC_CANONICAL	-	STATIC_CANONICAL	CMQ_REQUEST_COMPOSER	CANONICAL	-	-	0	cmq_sqe_qpc_create_request
cmq_sqe_qpc_create_request	CMQ_SQE	QPC_CREATE	REQUEST	3	0	37	HOST_FIXED	opcode	STATIC_CANONICAL	-	STATIC_CANONICAL	CMQ_REQUEST_COMPOSER	CANONICAL	-	-	0	cmq_sqe_qpc_create_request
cmq_sqe_qpc_create_request	CMQ_SQE	QPC_CREATE	REQUEST	3	0	38	HOST_FIXED	opcode	STATIC_CANONICAL	-	STATIC_CANONICAL	CMQ_REQUEST_COMPOSER	CANONICAL	-	-	0	cmq_sqe_qpc_create_request
cmq_sqe_qpc_create_request	CMQ_SQE	QPC_CREATE	REQUEST	3	0	39	HOST_FIXED	opcode	STATIC_CANONICAL	-	STATIC_CANONICAL	CMQ_REQUEST_COMPOSER	CANONICAL	-	-	0	cmq_sqe_qpc_create_request
cmq_sqe_qpc_create_request	CMQ_SQE	QPC_CREATE	REQUEST	2	0	40	HOST_TYPED	index	TYPED_RECOMPOSE	-	ENCODED	CMQ_REQUEST_COMPOSER	ACCEPT	OK	1	1	cmq_sqe_qpc_create_request
cmq_sqe_qpc_create_request	CMQ_SQE	QPC_CREATE	REQUEST	2	0	41	HOST_TYPED	index	TYPED_RECOMPOSE	-	ENCODED	CMQ_REQUEST_COMPOSER	ACCEPT	OK	1	1	cmq_sqe_qpc_create_request
cmq_sqe_qpc_create_request	CMQ_SQE	QPC_CREATE	REQUEST	2	0	42	HOST_TYPED	index	TYPED_RECOMPOSE	-	ENCODED	CMQ_REQUEST_COMPOSER	ACCEPT	OK	1	1	cmq_sqe_qpc_create_request
cmq_sqe_qpc_create_request	CMQ_SQE	QPC_CREATE	REQUEST	2	0	43	HOST_TYPED	index	TYPED_RECOMPOSE	-	ENCODED	CMQ_REQUEST_COMPOSER	ACCEPT	OK	1	1	cmq_sqe_qpc_create_request
cmq_sqe_qpc_create_request	CMQ_SQE	QPC_CREATE	REQUEST	2	0	44	HOST_TYPED	index	TYPED_RECOMPOSE	-	ENCODED	CMQ_REQUEST_COMPOSER	ACCEPT	OK	1	1	cmq_sqe_qpc_create_request
cmq_sqe_qpc_create_request	CMQ_SQE	QPC_CREATE	REQUEST	2	0	45	HOST_TYPED	wrap	CORRELATED_RECOMPOSE	QPC_POLARITY_VALID_WRAP	ENCODED	CMQ_REQUEST_COMPOSER	ACCEPT	OK	1	1	cmq_sqe_qpc_create_request
cmq_sqe_qpc_create_request	CMQ_SQE	QPC_CREATE	REQUEST	2	0	46	RESERVED_ZERO	-	STATIC_UNWRITABLE	-	STATIC_UNWRITABLE	CMQ_REQUEST_COMPOSER	REJECT	-	-	0	cmq_sqe_qpc_create_request
cmq_sqe_qpc_create_request	CMQ_SQE	QPC_CREATE	REQUEST	2	0	47	RESERVED_ZERO	-	STATIC_UNWRITABLE	-	STATIC_UNWRITABLE	CMQ_REQUEST_COMPOSER	REJECT	-	-	0	cmq_sqe_qpc_create_request
cmq_sqe_qpc_create_request	CMQ_SQE	QPC_CREATE	REQUEST	1	0	48	HOST_FIXED	use_vfid	DRIVER_FIXED_REJECT	-	FIXED_ZERO	CMQ_REQUEST_COMPOSER	REJECT	INVALID_ARGUMENT	0	1	cmq_sqe_qpc_create_request
cmq_sqe_qpc_create_request	CMQ_SQE	QPC_CREATE	REQUEST	1	0	49	HOST_FIXED	use_vfid	DRIVER_FIXED_REJECT	-	FIXED_ZERO	CMQ_REQUEST_COMPOSER	REJECT	INVALID_ARGUMENT	0	1	cmq_sqe_qpc_create_request
cmq_sqe_qpc_create_request	CMQ_SQE	QPC_CREATE	REQUEST	1	0	50	HOST_FIXED	use_vfid	DRIVER_FIXED_REJECT	-	FIXED_ZERO	CMQ_REQUEST_COMPOSER	REJECT	INVALID_ARGUMENT	0	1	cmq_sqe_qpc_create_request
cmq_sqe_qpc_create_request	CMQ_SQE	QPC_CREATE	REQUEST	1	0	51	HOST_FIXED	use_vfid	DRIVER_FIXED_REJECT	-	FIXED_ZERO	CMQ_REQUEST_COMPOSER	REJECT	INVALID_ARGUMENT	0	1	cmq_sqe_qpc_create_request
cmq_sqe_qpc_create_request	CMQ_SQE	QPC_CREATE	REQUEST	1	0	52	HOST_FIXED	use_vfid	DRIVER_FIXED_REJECT	-	FIXED_ZERO	CMQ_REQUEST_COMPOSER	REJECT	INVALID_ARGUMENT	0	1	cmq_sqe_qpc_create_request
cmq_sqe_qpc_create_request	CMQ_SQE	QPC_CREATE	REQUEST	1	0	53	HOST_FIXED	use_vfid	DRIVER_FIXED_REJECT	-	FIXED_ZERO	CMQ_REQUEST_COMPOSER	REJECT	INVALID_ARGUMENT	0	1	cmq_sqe_qpc_create_request
cmq_sqe_qpc_create_request	CMQ_SQE	QPC_CREATE	REQUEST	1	0	54	HOST_FIXED	use_vfid	DRIVER_FIXED_REJECT	-	FIXED_ZERO	CMQ_REQUEST_COMPOSER	REJECT	INVALID_ARGUMENT	0	1	cmq_sqe_qpc_create_request
cmq_sqe_qpc_create_request	CMQ_SQE	QPC_CREATE	REQUEST	1	0	55	HOST_FIXED	use_vfid	DRIVER_FIXED_REJECT	-	FIXED_ZERO	CMQ_REQUEST_COMPOSER	REJECT	INVALID_ARGUMENT	0	1	cmq_sqe_qpc_create_request
cmq_sqe_qpc_create_request	CMQ_SQE	QPC_CREATE	REQUEST	0	0	56	HOST_FIXED	use_vfid	DRIVER_FIXED_REJECT	-	FIXED_ZERO	CMQ_REQUEST_COMPOSER	REJECT	INVALID_ARGUMENT	0	1	cmq_sqe_qpc_create_request
cmq_sqe_qpc_create_request	CMQ_SQE	QPC_CREATE	REQUEST	0	0	57	HOST_FIXED	use_vfid	DRIVER_FIXED_REJECT	-	FIXED_ZERO	CMQ_REQUEST_COMPOSER	REJECT	INVALID_ARGUMENT	0	1	cmq_sqe_qpc_create_request
cmq_sqe_qpc_create_request	CMQ_SQE	QPC_CREATE	REQUEST	0	0	58	HOST_FIXED	use_vfid	DRIVER_FIXED_REJECT	-	FIXED_ZERO	CMQ_REQUEST_COMPOSER	REJECT	INVALID_ARGUMENT	0	1	cmq_sqe_qpc_create_request
cmq_sqe_qpc_create_request	CMQ_SQE	QPC_CREATE	REQUEST	0	0	59	HOST_FIXED	vf_id_override	DRIVER_FIXED_REJECT	-	FIXED_ZERO	CMQ_REQUEST_COMPOSER	REJECT	INVALID_ARGUMENT	0	1	cmq_sqe_qpc_create_request
cmq_sqe_qpc_create_request	CMQ_SQE	QPC_CREATE	REQUEST	0	0	60	RESERVED_ZERO	-	STATIC_UNWRITABLE	-	STATIC_UNWRITABLE	CMQ_REQUEST_COMPOSER	REJECT	-	-	0	cmq_sqe_qpc_create_request
cmq_sqe_qpc_create_request	CMQ_SQE	QPC_CREATE	REQUEST	0	0	61	RESERVED_ZERO	-	STATIC_UNWRITABLE	-	STATIC_UNWRITABLE	CMQ_REQUEST_COMPOSER	REJECT	-	-	0	cmq_sqe_qpc_create_request
cmq_sqe_qpc_create_request	CMQ_SQE	QPC_CREATE	REQUEST	0	0	62	RESERVED_ZERO	-	STATIC_UNWRITABLE	-	STATIC_UNWRITABLE	CMQ_REQUEST_COMPOSER	REJECT	-	-	0	cmq_sqe_qpc_create_request
cmq_sqe_qpc_create_request	CMQ_SQE	QPC_CREATE	REQUEST	0	0	63	HOST_TYPED	valid	CORRELATED_RECOMPOSE	QPC_POLARITY_VALID_WRAP	ENCODED	CMQ_REQUEST_COMPOSER	ACCEPT	OK	1	1	cmq_sqe_qpc_create_request
cmq_sqe_qpc_create_request	CMQ_SQE	QPC_CREATE	REQUEST	15	1	0	HOST_TYPED	rq_cqn	TYPED_RECOMPOSE	-	ENCODED	CMQ_REQUEST_COMPOSER	ACCEPT	OK	1	1	cmq_sqe_qpc_create_request
cmq_sqe_qpc_create_request	CMQ_SQE	QPC_CREATE	REQUEST	15	1	1	HOST_TYPED	rq_cqn	TYPED_RECOMPOSE	-	ENCODED	CMQ_REQUEST_COMPOSER	ACCEPT	OK	1	1	cmq_sqe_qpc_create_request
cmq_sqe_qpc_create_request	CMQ_SQE	QPC_CREATE	REQUEST	15	1	2	HOST_TYPED	rq_cqn	TYPED_RECOMPOSE	-	ENCODED	CMQ_REQUEST_COMPOSER	ACCEPT	OK	1	1	cmq_sqe_qpc_create_request
cmq_sqe_qpc_create_request	CMQ_SQE	QPC_CREATE	REQUEST	15	1	3	HOST_TYPED	rq_cqn	TYPED_RECOMPOSE	-	ENCODED	CMQ_REQUEST_COMPOSER	ACCEPT	OK	1	1	cmq_sqe_qpc_create_request
cmq_sqe_qpc_create_request	CMQ_SQE	QPC_CREATE	REQUEST	15	1	4	HOST_TYPED	rq_cqn	TYPED_RECOMPOSE	-	ENCODED	CMQ_REQUEST_COMPOSER	ACCEPT	OK	1	1	cmq_sqe_qpc_create_request
cmq_sqe_qpc_create_request	CMQ_SQE	QPC_CREATE	REQUEST	15	1	5	HOST_TYPED	rq_cqn	TYPED_RECOMPOSE	-	ENCODED	CMQ_REQUEST_COMPOSER	ACCEPT	OK	1	1	cmq_sqe_qpc_create_request
cmq_sqe_qpc_create_request	CMQ_SQE	QPC_CREATE	REQUEST	15	1	6	HOST_TYPED	rq_cqn	TYPED_RECOMPOSE	-	ENCODED	CMQ_REQUEST_COMPOSER	ACCEPT	OK	1	1	cmq_sqe_qpc_create_request
cmq_sqe_qpc_create_request	CMQ_SQE	QPC_CREATE	REQUEST	15	1	7	HOST_TYPED	rq_cqn	TYPED_RECOMPOSE	-	ENCODED	CMQ_REQUEST_COMPOSER	ACCEPT	OK	1	1	cmq_sqe_qpc_create_request
cmq_sqe_qpc_create_request	CMQ_SQE	QPC_CREATE	REQUEST	14	1	8	HOST_TYPED	rq_cqn	TYPED_RECOMPOSE	-	ENCODED	CMQ_REQUEST_COMPOSER	ACCEPT	OK	1	1	cmq_sqe_qpc_create_request
cmq_sqe_qpc_create_request	CMQ_SQE	QPC_CREATE	REQUEST	14	1	9	HOST_TYPED	rq_cqn	TYPED_RECOMPOSE	-	ENCODED	CMQ_REQUEST_COMPOSER	ACCEPT	OK	1	1	cmq_sqe_qpc_create_request
cmq_sqe_qpc_create_request	CMQ_SQE	QPC_CREATE	REQUEST	14	1	10	HOST_TYPED	rq_cqn	TYPED_RECOMPOSE	-	ENCODED	CMQ_REQUEST_COMPOSER	ACCEPT	OK	1	1	cmq_sqe_qpc_create_request
cmq_sqe_qpc_create_request	CMQ_SQE	QPC_CREATE	REQUEST	14	1	11	HOST_TYPED	rq_cqn	TYPED_RECOMPOSE	-	ENCODED	CMQ_REQUEST_COMPOSER	ACCEPT	OK	1	1	cmq_sqe_qpc_create_request
cmq_sqe_qpc_create_request	CMQ_SQE	QPC_CREATE	REQUEST	14	1	12	HOST_TYPED	rq_cqn	TYPED_RECOMPOSE	-	ENCODED	CMQ_REQUEST_COMPOSER	ACCEPT	OK	1	1	cmq_sqe_qpc_create_request
cmq_sqe_qpc_create_request	CMQ_SQE	QPC_CREATE	REQUEST	14	1	13	HOST_TYPED	rq_cqn	TYPED_RECOMPOSE	-	ENCODED	CMQ_REQUEST_COMPOSER	ACCEPT	OK	1	1	cmq_sqe_qpc_create_request
cmq_sqe_qpc_create_request	CMQ_SQE	QPC_CREATE	REQUEST	14	1	14	HOST_TYPED	rq_cqn	TYPED_RECOMPOSE	-	ENCODED	CMQ_REQUEST_COMPOSER	ACCEPT	OK	1	1	cmq_sqe_qpc_create_request
cmq_sqe_qpc_create_request	CMQ_SQE	QPC_CREATE	REQUEST	14	1	15	HOST_TYPED	rq_cqn	TYPED_RECOMPOSE	-	ENCODED	CMQ_REQUEST_COMPOSER	ACCEPT	OK	1	1	cmq_sqe_qpc_create_request
cmq_sqe_qpc_create_request	CMQ_SQE	QPC_CREATE	REQUEST	13	1	16	HOST_TYPED	rq_cqn	TYPED_RECOMPOSE	-	ENCODED	CMQ_REQUEST_COMPOSER	ACCEPT	OK	1	1	cmq_sqe_qpc_create_request
cmq_sqe_qpc_create_request	CMQ_SQE	QPC_CREATE	REQUEST	13	1	17	HOST_TYPED	rq_cqn	TYPED_RECOMPOSE	-	ENCODED	CMQ_REQUEST_COMPOSER	ACCEPT	OK	1	1	cmq_sqe_qpc_create_request
cmq_sqe_qpc_create_request	CMQ_SQE	QPC_CREATE	REQUEST	13	1	18	HOST_TYPED	rq_cqn	TYPED_RECOMPOSE	-	ENCODED	CMQ_REQUEST_COMPOSER	ACCEPT	OK	1	1	cmq_sqe_qpc_create_request
cmq_sqe_qpc_create_request	CMQ_SQE	QPC_CREATE	REQUEST	13	1	19	HOST_TYPED	rq_cqn	TYPED_RECOMPOSE	-	ENCODED	CMQ_REQUEST_COMPOSER	ACCEPT	OK	1	1	cmq_sqe_qpc_create_request
cmq_sqe_qpc_create_request	CMQ_SQE	QPC_CREATE	REQUEST	13	1	20	HOST_TYPED	rq_cqn	TYPED_RECOMPOSE	-	ENCODED	CMQ_REQUEST_COMPOSER	ACCEPT	OK	1	1	cmq_sqe_qpc_create_request
cmq_sqe_qpc_create_request	CMQ_SQE	QPC_CREATE	REQUEST	13	1	21	RESERVED_ZERO	-	STATIC_UNWRITABLE	-	STATIC_UNWRITABLE	CMQ_REQUEST_COMPOSER	REJECT	-	-	0	cmq_sqe_qpc_create_request
cmq_sqe_qpc_create_request	CMQ_SQE	QPC_CREATE	REQUEST	13	1	22	RESERVED_ZERO	-	STATIC_UNWRITABLE	-	STATIC_UNWRITABLE	CMQ_REQUEST_COMPOSER	REJECT	-	-	0	cmq_sqe_qpc_create_request
cmq_sqe_qpc_create_request	CMQ_SQE	QPC_CREATE	REQUEST	13	1	23	RESERVED_ZERO	-	STATIC_UNWRITABLE	-	STATIC_UNWRITABLE	CMQ_REQUEST_COMPOSER	REJECT	-	-	0	cmq_sqe_qpc_create_request
cmq_sqe_qpc_create_request	CMQ_SQE	QPC_CREATE	REQUEST	12	1	24	HOST_TYPED	signature	TYPED_RECOMPOSE	-	ENCODED	CMQ_REQUEST_COMPOSER	ACCEPT	OK	1	1	cmq_sqe_qpc_create_request
cmq_sqe_qpc_create_request	CMQ_SQE	QPC_CREATE	REQUEST	12	1	25	HOST_TYPED	signature	TYPED_RECOMPOSE	-	ENCODED	CMQ_REQUEST_COMPOSER	ACCEPT	OK	1	1	cmq_sqe_qpc_create_request
cmq_sqe_qpc_create_request	CMQ_SQE	QPC_CREATE	REQUEST	12	1	26	HOST_TYPED	signature	TYPED_RECOMPOSE	-	ENCODED	CMQ_REQUEST_COMPOSER	ACCEPT	OK	1	1	cmq_sqe_qpc_create_request
cmq_sqe_qpc_create_request	CMQ_SQE	QPC_CREATE	REQUEST	12	1	27	HOST_TYPED	signature	TYPED_RECOMPOSE	-	ENCODED	CMQ_REQUEST_COMPOSER	ACCEPT	OK	1	1	cmq_sqe_qpc_create_request
cmq_sqe_qpc_create_request	CMQ_SQE	QPC_CREATE	REQUEST	12	1	28	HOST_TYPED	signature	TYPED_RECOMPOSE	-	ENCODED	CMQ_REQUEST_COMPOSER	ACCEPT	OK	1	1	cmq_sqe_qpc_create_request
cmq_sqe_qpc_create_request	CMQ_SQE	QPC_CREATE	REQUEST	12	1	29	HOST_TYPED	signature	TYPED_RECOMPOSE	-	ENCODED	CMQ_REQUEST_COMPOSER	ACCEPT	OK	1	1	cmq_sqe_qpc_create_request
cmq_sqe_qpc_create_request	CMQ_SQE	QPC_CREATE	REQUEST	12	1	30	HOST_TYPED	signature	TYPED_RECOMPOSE	-	ENCODED	CMQ_REQUEST_COMPOSER	ACCEPT	OK	1	1	cmq_sqe_qpc_create_request
cmq_sqe_qpc_create_request	CMQ_SQE	QPC_CREATE	REQUEST	12	1	31	HOST_TYPED	signature	TYPED_RECOMPOSE	-	ENCODED	CMQ_REQUEST_COMPOSER	ACCEPT	OK	1	1	cmq_sqe_qpc_create_request
cmq_sqe_qpc_create_request	CMQ_SQE	QPC_CREATE	REQUEST	11	1	32	HOST_FIXED	sign_en	STATIC_CANONICAL	-	STATIC_CANONICAL	CMQ_REQUEST_COMPOSER	CANONICAL	-	-	0	cmq_sqe_qpc_create_request
cmq_sqe_qpc_create_request	CMQ_SQE	QPC_CREATE	REQUEST	11	1	33	RESERVED_ZERO	-	STATIC_UNWRITABLE	-	STATIC_UNWRITABLE	CMQ_REQUEST_COMPOSER	REJECT	-	-	0	cmq_sqe_qpc_create_request
cmq_sqe_qpc_create_request	CMQ_SQE	QPC_CREATE	REQUEST	11	1	34	RESERVED_ZERO	-	STATIC_UNWRITABLE	-	STATIC_UNWRITABLE	CMQ_REQUEST_COMPOSER	REJECT	-	-	0	cmq_sqe_qpc_create_request
cmq_sqe_qpc_create_request	CMQ_SQE	QPC_CREATE	REQUEST	11	1	35	RESERVED_ZERO	-	STATIC_UNWRITABLE	-	STATIC_UNWRITABLE	CMQ_REQUEST_COMPOSER	REJECT	-	-	0	cmq_sqe_qpc_create_request
cmq_sqe_qpc_create_request	CMQ_SQE	QPC_CREATE	REQUEST	11	1	36	RESERVED_ZERO	-	STATIC_UNWRITABLE	-	STATIC_UNWRITABLE	CMQ_REQUEST_COMPOSER	REJECT	-	-	0	cmq_sqe_qpc_create_request
cmq_sqe_qpc_create_request	CMQ_SQE	QPC_CREATE	REQUEST	11	1	37	RESERVED_ZERO	-	STATIC_UNWRITABLE	-	STATIC_UNWRITABLE	CMQ_REQUEST_COMPOSER	REJECT	-	-	0	cmq_sqe_qpc_create_request
cmq_sqe_qpc_create_request	CMQ_SQE	QPC_CREATE	REQUEST	11	1	38	RESERVED_ZERO	-	STATIC_UNWRITABLE	-	STATIC_UNWRITABLE	CMQ_REQUEST_COMPOSER	REJECT	-	-	0	cmq_sqe_qpc_create_request
cmq_sqe_qpc_create_request	CMQ_SQE	QPC_CREATE	REQUEST	11	1	39	RESERVED_ZERO	-	STATIC_UNWRITABLE	-	STATIC_UNWRITABLE	CMQ_REQUEST_COMPOSER	REJECT	-	-	0	cmq_sqe_qpc_create_request
cmq_sqe_qpc_create_request	CMQ_SQE	QPC_CREATE	REQUEST	10	1	40	RESERVED_ZERO	-	STATIC_UNWRITABLE	-	STATIC_UNWRITABLE	CMQ_REQUEST_COMPOSER	REJECT	-	-	0	cmq_sqe_qpc_create_request
cmq_sqe_qpc_create_request	CMQ_SQE	QPC_CREATE	REQUEST	10	1	41	RESERVED_ZERO	-	STATIC_UNWRITABLE	-	STATIC_UNWRITABLE	CMQ_REQUEST_COMPOSER	REJECT	-	-	0	cmq_sqe_qpc_create_request
cmq_sqe_qpc_create_request	CMQ_SQE	QPC_CREATE	REQUEST	10	1	42	RESERVED_ZERO	-	STATIC_UNWRITABLE	-	STATIC_UNWRITABLE	CMQ_REQUEST_COMPOSER	REJECT	-	-	0	cmq_sqe_qpc_create_request
cmq_sqe_qpc_create_request	CMQ_SQE	QPC_CREATE	REQUEST	10	1	43	HOST_TYPED	sq_cqn	TYPED_RECOMPOSE	-	ENCODED	CMQ_REQUEST_COMPOSER	ACCEPT	OK	1	1	cmq_sqe_qpc_create_request
cmq_sqe_qpc_create_request	CMQ_SQE	QPC_CREATE	REQUEST	10	1	44	HOST_TYPED	sq_cqn	TYPED_RECOMPOSE	-	ENCODED	CMQ_REQUEST_COMPOSER	ACCEPT	OK	1	1	cmq_sqe_qpc_create_request
cmq_sqe_qpc_create_request	CMQ_SQE	QPC_CREATE	REQUEST	10	1	45	HOST_TYPED	sq_cqn	TYPED_RECOMPOSE	-	ENCODED	CMQ_REQUEST_COMPOSER	ACCEPT	OK	1	1	cmq_sqe_qpc_create_request
cmq_sqe_qpc_create_request	CMQ_SQE	QPC_CREATE	REQUEST	10	1	46	HOST_TYPED	sq_cqn	TYPED_RECOMPOSE	-	ENCODED	CMQ_REQUEST_COMPOSER	ACCEPT	OK	1	1	cmq_sqe_qpc_create_request
cmq_sqe_qpc_create_request	CMQ_SQE	QPC_CREATE	REQUEST	10	1	47	HOST_TYPED	sq_cqn	TYPED_RECOMPOSE	-	ENCODED	CMQ_REQUEST_COMPOSER	ACCEPT	OK	1	1	cmq_sqe_qpc_create_request
cmq_sqe_qpc_create_request	CMQ_SQE	QPC_CREATE	REQUEST	9	1	48	HOST_TYPED	sq_cqn	TYPED_RECOMPOSE	-	ENCODED	CMQ_REQUEST_COMPOSER	ACCEPT	OK	1	1	cmq_sqe_qpc_create_request
cmq_sqe_qpc_create_request	CMQ_SQE	QPC_CREATE	REQUEST	9	1	49	HOST_TYPED	sq_cqn	TYPED_RECOMPOSE	-	ENCODED	CMQ_REQUEST_COMPOSER	ACCEPT	OK	1	1	cmq_sqe_qpc_create_request
cmq_sqe_qpc_create_request	CMQ_SQE	QPC_CREATE	REQUEST	9	1	50	HOST_TYPED	sq_cqn	TYPED_RECOMPOSE	-	ENCODED	CMQ_REQUEST_COMPOSER	ACCEPT	OK	1	1	cmq_sqe_qpc_create_request
cmq_sqe_qpc_create_request	CMQ_SQE	QPC_CREATE	REQUEST	9	1	51	HOST_TYPED	sq_cqn	TYPED_RECOMPOSE	-	ENCODED	CMQ_REQUEST_COMPOSER	ACCEPT	OK	1	1	cmq_sqe_qpc_create_request
cmq_sqe_qpc_create_request	CMQ_SQE	QPC_CREATE	REQUEST	9	1	52	HOST_TYPED	sq_cqn	TYPED_RECOMPOSE	-	ENCODED	CMQ_REQUEST_COMPOSER	ACCEPT	OK	1	1	cmq_sqe_qpc_create_request
cmq_sqe_qpc_create_request	CMQ_SQE	QPC_CREATE	REQUEST	9	1	53	HOST_TYPED	sq_cqn	TYPED_RECOMPOSE	-	ENCODED	CMQ_REQUEST_COMPOSER	ACCEPT	OK	1	1	cmq_sqe_qpc_create_request
cmq_sqe_qpc_create_request	CMQ_SQE	QPC_CREATE	REQUEST	9	1	54	HOST_TYPED	sq_cqn	TYPED_RECOMPOSE	-	ENCODED	CMQ_REQUEST_COMPOSER	ACCEPT	OK	1	1	cmq_sqe_qpc_create_request
cmq_sqe_qpc_create_request	CMQ_SQE	QPC_CREATE	REQUEST	9	1	55	HOST_TYPED	sq_cqn	TYPED_RECOMPOSE	-	ENCODED	CMQ_REQUEST_COMPOSER	ACCEPT	OK	1	1	cmq_sqe_qpc_create_request
cmq_sqe_qpc_create_request	CMQ_SQE	QPC_CREATE	REQUEST	8	1	56	HOST_TYPED	sq_cqn	TYPED_RECOMPOSE	-	ENCODED	CMQ_REQUEST_COMPOSER	ACCEPT	OK	1	1	cmq_sqe_qpc_create_request
cmq_sqe_qpc_create_request	CMQ_SQE	QPC_CREATE	REQUEST	8	1	57	HOST_TYPED	sq_cqn	TYPED_RECOMPOSE	-	ENCODED	CMQ_REQUEST_COMPOSER	ACCEPT	OK	1	1	cmq_sqe_qpc_create_request
cmq_sqe_qpc_create_request	CMQ_SQE	QPC_CREATE	REQUEST	8	1	58	HOST_TYPED	sq_cqn	TYPED_RECOMPOSE	-	ENCODED	CMQ_REQUEST_COMPOSER	ACCEPT	OK	1	1	cmq_sqe_qpc_create_request
cmq_sqe_qpc_create_request	CMQ_SQE	QPC_CREATE	REQUEST	8	1	59	HOST_TYPED	sq_cqn	TYPED_RECOMPOSE	-	ENCODED	CMQ_REQUEST_COMPOSER	ACCEPT	OK	1	1	cmq_sqe_qpc_create_request
cmq_sqe_qpc_create_request	CMQ_SQE	QPC_CREATE	REQUEST	8	1	60	HOST_TYPED	sq_cqn	TYPED_RECOMPOSE	-	ENCODED	CMQ_REQUEST_COMPOSER	ACCEPT	OK	1	1	cmq_sqe_qpc_create_request
cmq_sqe_qpc_create_request	CMQ_SQE	QPC_CREATE	REQUEST	8	1	61	HOST_TYPED	sq_cqn	TYPED_RECOMPOSE	-	ENCODED	CMQ_REQUEST_COMPOSER	ACCEPT	OK	1	1	cmq_sqe_qpc_create_request
cmq_sqe_qpc_create_request	CMQ_SQE	QPC_CREATE	REQUEST	8	1	62	HOST_TYPED	sq_cqn	TYPED_RECOMPOSE	-	ENCODED	CMQ_REQUEST_COMPOSER	ACCEPT	OK	1	1	cmq_sqe_qpc_create_request
cmq_sqe_qpc_create_request	CMQ_SQE	QPC_CREATE	REQUEST	8	1	63	HOST_TYPED	sq_cqn	TYPED_RECOMPOSE	-	ENCODED	CMQ_REQUEST_COMPOSER	ACCEPT	OK	1	1	cmq_sqe_qpc_create_request
cmq_sqe_qpc_create_request	CMQ_SQE	QPC_CREATE	REQUEST	23	2	0	RESERVED_ZERO	-	STATIC_UNWRITABLE	-	STATIC_UNWRITABLE	CMQ_REQUEST_COMPOSER	REJECT	-	-	0	cmq_sqe_qpc_create_request
cmq_sqe_qpc_create_request	CMQ_SQE	QPC_CREATE	REQUEST	23	2	1	RESERVED_ZERO	-	STATIC_UNWRITABLE	-	STATIC_UNWRITABLE	CMQ_REQUEST_COMPOSER	REJECT	-	-	0	cmq_sqe_qpc_create_request
cmq_sqe_qpc_create_request	CMQ_SQE	QPC_CREATE	REQUEST	23	2	2	RESERVED_ZERO	-	STATIC_UNWRITABLE	-	STATIC_UNWRITABLE	CMQ_REQUEST_COMPOSER	REJECT	-	-	0	cmq_sqe_qpc_create_request
cmq_sqe_qpc_create_request	CMQ_SQE	QPC_CREATE	REQUEST	23	2	3	RESERVED_ZERO	-	STATIC_UNWRITABLE	-	STATIC_UNWRITABLE	CMQ_REQUEST_COMPOSER	REJECT	-	-	0	cmq_sqe_qpc_create_request
cmq_sqe_qpc_create_request	CMQ_SQE	QPC_CREATE	REQUEST	23	2	4	RESERVED_ZERO	-	STATIC_UNWRITABLE	-	STATIC_UNWRITABLE	CMQ_REQUEST_COMPOSER	REJECT	-	-	0	cmq_sqe_qpc_create_request
cmq_sqe_qpc_create_request	CMQ_SQE	QPC_CREATE	REQUEST	23	2	5	RESERVED_ZERO	-	STATIC_UNWRITABLE	-	STATIC_UNWRITABLE	CMQ_REQUEST_COMPOSER	REJECT	-	-	0	cmq_sqe_qpc_create_request
cmq_sqe_qpc_create_request	CMQ_SQE	QPC_CREATE	REQUEST	23	2	6	RESERVED_ZERO	-	STATIC_UNWRITABLE	-	STATIC_UNWRITABLE	CMQ_REQUEST_COMPOSER	REJECT	-	-	0	cmq_sqe_qpc_create_request
cmq_sqe_qpc_create_request	CMQ_SQE	QPC_CREATE	REQUEST	23	2	7	RESERVED_ZERO	-	STATIC_UNWRITABLE	-	STATIC_UNWRITABLE	CMQ_REQUEST_COMPOSER	REJECT	-	-	0	cmq_sqe_qpc_create_request
cmq_sqe_qpc_create_request	CMQ_SQE	QPC_CREATE	REQUEST	22	2	8	RESERVED_ZERO	-	STATIC_UNWRITABLE	-	STATIC_UNWRITABLE	CMQ_REQUEST_COMPOSER	REJECT	-	-	0	cmq_sqe_qpc_create_request
cmq_sqe_qpc_create_request	CMQ_SQE	QPC_CREATE	REQUEST	22	2	9	RESERVED_ZERO	-	STATIC_UNWRITABLE	-	STATIC_UNWRITABLE	CMQ_REQUEST_COMPOSER	REJECT	-	-	0	cmq_sqe_qpc_create_request
cmq_sqe_qpc_create_request	CMQ_SQE	QPC_CREATE	REQUEST	22	2	10	RESERVED_ZERO	-	STATIC_UNWRITABLE	-	STATIC_UNWRITABLE	CMQ_REQUEST_COMPOSER	REJECT	-	-	0	cmq_sqe_qpc_create_request
cmq_sqe_qpc_create_request	CMQ_SQE	QPC_CREATE	REQUEST	22	2	11	RESERVED_ZERO	-	STATIC_UNWRITABLE	-	STATIC_UNWRITABLE	CMQ_REQUEST_COMPOSER	REJECT	-	-	0	cmq_sqe_qpc_create_request
cmq_sqe_qpc_create_request	CMQ_SQE	QPC_CREATE	REQUEST	22	2	12	RESERVED_ZERO	-	STATIC_UNWRITABLE	-	STATIC_UNWRITABLE	CMQ_REQUEST_COMPOSER	REJECT	-	-	0	cmq_sqe_qpc_create_request
cmq_sqe_qpc_create_request	CMQ_SQE	QPC_CREATE	REQUEST	22	2	13	RESERVED_ZERO	-	STATIC_UNWRITABLE	-	STATIC_UNWRITABLE	CMQ_REQUEST_COMPOSER	REJECT	-	-	0	cmq_sqe_qpc_create_request
cmq_sqe_qpc_create_request	CMQ_SQE	QPC_CREATE	REQUEST	22	2	14	RESERVED_ZERO	-	STATIC_UNWRITABLE	-	STATIC_UNWRITABLE	CMQ_REQUEST_COMPOSER	REJECT	-	-	0	cmq_sqe_qpc_create_request
cmq_sqe_qpc_create_request	CMQ_SQE	QPC_CREATE	REQUEST	22	2	15	RESERVED_ZERO	-	STATIC_UNWRITABLE	-	STATIC_UNWRITABLE	CMQ_REQUEST_COMPOSER	REJECT	-	-	0	cmq_sqe_qpc_create_request
cmq_sqe_qpc_create_request	CMQ_SQE	QPC_CREATE	REQUEST	21	2	16	RESERVED_ZERO	-	STATIC_UNWRITABLE	-	STATIC_UNWRITABLE	CMQ_REQUEST_COMPOSER	REJECT	-	-	0	cmq_sqe_qpc_create_request
cmq_sqe_qpc_create_request	CMQ_SQE	QPC_CREATE	REQUEST	21	2	17	RESERVED_ZERO	-	STATIC_UNWRITABLE	-	STATIC_UNWRITABLE	CMQ_REQUEST_COMPOSER	REJECT	-	-	0	cmq_sqe_qpc_create_request
cmq_sqe_qpc_create_request	CMQ_SQE	QPC_CREATE	REQUEST	21	2	18	RESERVED_ZERO	-	STATIC_UNWRITABLE	-	STATIC_UNWRITABLE	CMQ_REQUEST_COMPOSER	REJECT	-	-	0	cmq_sqe_qpc_create_request
cmq_sqe_qpc_create_request	CMQ_SQE	QPC_CREATE	REQUEST	21	2	19	RESERVED_ZERO	-	STATIC_UNWRITABLE	-	STATIC_UNWRITABLE	CMQ_REQUEST_COMPOSER	REJECT	-	-	0	cmq_sqe_qpc_create_request
cmq_sqe_qpc_create_request	CMQ_SQE	QPC_CREATE	REQUEST	21	2	20	RESERVED_ZERO	-	STATIC_UNWRITABLE	-	STATIC_UNWRITABLE	CMQ_REQUEST_COMPOSER	REJECT	-	-	0	cmq_sqe_qpc_create_request
cmq_sqe_qpc_create_request	CMQ_SQE	QPC_CREATE	REQUEST	21	2	21	RESERVED_ZERO	-	STATIC_UNWRITABLE	-	STATIC_UNWRITABLE	CMQ_REQUEST_COMPOSER	REJECT	-	-	0	cmq_sqe_qpc_create_request
cmq_sqe_qpc_create_request	CMQ_SQE	QPC_CREATE	REQUEST	21	2	22	RESERVED_ZERO	-	STATIC_UNWRITABLE	-	STATIC_UNWRITABLE	CMQ_REQUEST_COMPOSER	REJECT	-	-	0	cmq_sqe_qpc_create_request
cmq_sqe_qpc_create_request	CMQ_SQE	QPC_CREATE	REQUEST	21	2	23	RESERVED_ZERO	-	STATIC_UNWRITABLE	-	STATIC_UNWRITABLE	CMQ_REQUEST_COMPOSER	REJECT	-	-	0	cmq_sqe_qpc_create_request
cmq_sqe_qpc_create_request	CMQ_SQE	QPC_CREATE	REQUEST	20	2	24	RESERVED_ZERO	-	STATIC_UNWRITABLE	-	STATIC_UNWRITABLE	CMQ_REQUEST_COMPOSER	REJECT	-	-	0	cmq_sqe_qpc_create_request
cmq_sqe_qpc_create_request	CMQ_SQE	QPC_CREATE	REQUEST	20	2	25	RESERVED_ZERO	-	STATIC_UNWRITABLE	-	STATIC_UNWRITABLE	CMQ_REQUEST_COMPOSER	REJECT	-	-	0	cmq_sqe_qpc_create_request
cmq_sqe_qpc_create_request	CMQ_SQE	QPC_CREATE	REQUEST	20	2	26	RESERVED_ZERO	-	STATIC_UNWRITABLE	-	STATIC_UNWRITABLE	CMQ_REQUEST_COMPOSER	REJECT	-	-	0	cmq_sqe_qpc_create_request
cmq_sqe_qpc_create_request	CMQ_SQE	QPC_CREATE	REQUEST	20	2	27	RESERVED_ZERO	-	STATIC_UNWRITABLE	-	STATIC_UNWRITABLE	CMQ_REQUEST_COMPOSER	REJECT	-	-	0	cmq_sqe_qpc_create_request
cmq_sqe_qpc_create_request	CMQ_SQE	QPC_CREATE	REQUEST	20	2	28	RESERVED_ZERO	-	STATIC_UNWRITABLE	-	STATIC_UNWRITABLE	CMQ_REQUEST_COMPOSER	REJECT	-	-	0	cmq_sqe_qpc_create_request
cmq_sqe_qpc_create_request	CMQ_SQE	QPC_CREATE	REQUEST	20	2	29	RESERVED_ZERO	-	STATIC_UNWRITABLE	-	STATIC_UNWRITABLE	CMQ_REQUEST_COMPOSER	REJECT	-	-	0	cmq_sqe_qpc_create_request
cmq_sqe_qpc_create_request	CMQ_SQE	QPC_CREATE	REQUEST	20	2	30	RESERVED_ZERO	-	STATIC_UNWRITABLE	-	STATIC_UNWRITABLE	CMQ_REQUEST_COMPOSER	REJECT	-	-	0	cmq_sqe_qpc_create_request
cmq_sqe_qpc_create_request	CMQ_SQE	QPC_CREATE	REQUEST	20	2	31	RESERVED_ZERO	-	STATIC_UNWRITABLE	-	STATIC_UNWRITABLE	CMQ_REQUEST_COMPOSER	REJECT	-	-	0	cmq_sqe_qpc_create_request
cmq_sqe_qpc_create_request	CMQ_SQE	QPC_CREATE	REQUEST	19	2	32	RESERVED_ZERO	-	STATIC_UNWRITABLE	-	STATIC_UNWRITABLE	CMQ_REQUEST_COMPOSER	REJECT	-	-	0	cmq_sqe_qpc_create_request
cmq_sqe_qpc_create_request	CMQ_SQE	QPC_CREATE	REQUEST	19	2	33	RESERVED_ZERO	-	STATIC_UNWRITABLE	-	STATIC_UNWRITABLE	CMQ_REQUEST_COMPOSER	REJECT	-	-	0	cmq_sqe_qpc_create_request
cmq_sqe_qpc_create_request	CMQ_SQE	QPC_CREATE	REQUEST	19	2	34	RESERVED_ZERO	-	STATIC_UNWRITABLE	-	STATIC_UNWRITABLE	CMQ_REQUEST_COMPOSER	REJECT	-	-	0	cmq_sqe_qpc_create_request
cmq_sqe_qpc_create_request	CMQ_SQE	QPC_CREATE	REQUEST	19	2	35	RESERVED_ZERO	-	STATIC_UNWRITABLE	-	STATIC_UNWRITABLE	CMQ_REQUEST_COMPOSER	REJECT	-	-	0	cmq_sqe_qpc_create_request
cmq_sqe_qpc_create_request	CMQ_SQE	QPC_CREATE	REQUEST	19	2	36	RESERVED_ZERO	-	STATIC_UNWRITABLE	-	STATIC_UNWRITABLE	CMQ_REQUEST_COMPOSER	REJECT	-	-	0	cmq_sqe_qpc_create_request
cmq_sqe_qpc_create_request	CMQ_SQE	QPC_CREATE	REQUEST	19	2	37	RESERVED_ZERO	-	STATIC_UNWRITABLE	-	STATIC_UNWRITABLE	CMQ_REQUEST_COMPOSER	REJECT	-	-	0	cmq_sqe_qpc_create_request
cmq_sqe_qpc_create_request	CMQ_SQE	QPC_CREATE	REQUEST	19	2	38	RESERVED_ZERO	-	STATIC_UNWRITABLE	-	STATIC_UNWRITABLE	CMQ_REQUEST_COMPOSER	REJECT	-	-	0	cmq_sqe_qpc_create_request
cmq_sqe_qpc_create_request	CMQ_SQE	QPC_CREATE	REQUEST	19	2	39	RESERVED_ZERO	-	STATIC_UNWRITABLE	-	STATIC_UNWRITABLE	CMQ_REQUEST_COMPOSER	REJECT	-	-	0	cmq_sqe_qpc_create_request
cmq_sqe_qpc_create_request	CMQ_SQE	QPC_CREATE	REQUEST	18	2	40	RESERVED_ZERO	-	STATIC_UNWRITABLE	-	STATIC_UNWRITABLE	CMQ_REQUEST_COMPOSER	REJECT	-	-	0	cmq_sqe_qpc_create_request
cmq_sqe_qpc_create_request	CMQ_SQE	QPC_CREATE	REQUEST	18	2	41	RESERVED_ZERO	-	STATIC_UNWRITABLE	-	STATIC_UNWRITABLE	CMQ_REQUEST_COMPOSER	REJECT	-	-	0	cmq_sqe_qpc_create_request
cmq_sqe_qpc_create_request	CMQ_SQE	QPC_CREATE	REQUEST	18	2	42	RESERVED_ZERO	-	STATIC_UNWRITABLE	-	STATIC_UNWRITABLE	CMQ_REQUEST_COMPOSER	REJECT	-	-	0	cmq_sqe_qpc_create_request
cmq_sqe_qpc_create_request	CMQ_SQE	QPC_CREATE	REQUEST	18	2	43	RESERVED_ZERO	-	STATIC_UNWRITABLE	-	STATIC_UNWRITABLE	CMQ_REQUEST_COMPOSER	REJECT	-	-	0	cmq_sqe_qpc_create_request
cmq_sqe_qpc_create_request	CMQ_SQE	QPC_CREATE	REQUEST	18	2	44	RESERVED_ZERO	-	STATIC_UNWRITABLE	-	STATIC_UNWRITABLE	CMQ_REQUEST_COMPOSER	REJECT	-	-	0	cmq_sqe_qpc_create_request
cmq_sqe_qpc_create_request	CMQ_SQE	QPC_CREATE	REQUEST	18	2	45	RESERVED_ZERO	-	STATIC_UNWRITABLE	-	STATIC_UNWRITABLE	CMQ_REQUEST_COMPOSER	REJECT	-	-	0	cmq_sqe_qpc_create_request
cmq_sqe_qpc_create_request	CMQ_SQE	QPC_CREATE	REQUEST	18	2	46	RESERVED_ZERO	-	STATIC_UNWRITABLE	-	STATIC_UNWRITABLE	CMQ_REQUEST_COMPOSER	REJECT	-	-	0	cmq_sqe_qpc_create_request
cmq_sqe_qpc_create_request	CMQ_SQE	QPC_CREATE	REQUEST	18	2	47	RESERVED_ZERO	-	STATIC_UNWRITABLE	-	STATIC_UNWRITABLE	CMQ_REQUEST_COMPOSER	REJECT	-	-	0	cmq_sqe_qpc_create_request
cmq_sqe_qpc_create_request	CMQ_SQE	QPC_CREATE	REQUEST	17	2	48	RESERVED_ZERO	-	STATIC_UNWRITABLE	-	STATIC_UNWRITABLE	CMQ_REQUEST_COMPOSER	REJECT	-	-	0	cmq_sqe_qpc_create_request
cmq_sqe_qpc_create_request	CMQ_SQE	QPC_CREATE	REQUEST	17	2	49	RESERVED_ZERO	-	STATIC_UNWRITABLE	-	STATIC_UNWRITABLE	CMQ_REQUEST_COMPOSER	REJECT	-	-	0	cmq_sqe_qpc_create_request
cmq_sqe_qpc_create_request	CMQ_SQE	QPC_CREATE	REQUEST	17	2	50	RESERVED_ZERO	-	STATIC_UNWRITABLE	-	STATIC_UNWRITABLE	CMQ_REQUEST_COMPOSER	REJECT	-	-	0	cmq_sqe_qpc_create_request
cmq_sqe_qpc_create_request	CMQ_SQE	QPC_CREATE	REQUEST	17	2	51	RESERVED_ZERO	-	STATIC_UNWRITABLE	-	STATIC_UNWRITABLE	CMQ_REQUEST_COMPOSER	REJECT	-	-	0	cmq_sqe_qpc_create_request
cmq_sqe_qpc_create_request	CMQ_SQE	QPC_CREATE	REQUEST	17	2	52	RESERVED_ZERO	-	STATIC_UNWRITABLE	-	STATIC_UNWRITABLE	CMQ_REQUEST_COMPOSER	REJECT	-	-	0	cmq_sqe_qpc_create_request
cmq_sqe_qpc_create_request	CMQ_SQE	QPC_CREATE	REQUEST	17	2	53	RESERVED_ZERO	-	STATIC_UNWRITABLE	-	STATIC_UNWRITABLE	CMQ_REQUEST_COMPOSER	REJECT	-	-	0	cmq_sqe_qpc_create_request
cmq_sqe_qpc_create_request	CMQ_SQE	QPC_CREATE	REQUEST	17	2	54	RESERVED_ZERO	-	STATIC_UNWRITABLE	-	STATIC_UNWRITABLE	CMQ_REQUEST_COMPOSER	REJECT	-	-	0	cmq_sqe_qpc_create_request
cmq_sqe_qpc_create_request	CMQ_SQE	QPC_CREATE	REQUEST	17	2	55	RESERVED_ZERO	-	STATIC_UNWRITABLE	-	STATIC_UNWRITABLE	CMQ_REQUEST_COMPOSER	REJECT	-	-	0	cmq_sqe_qpc_create_request
cmq_sqe_qpc_create_request	CMQ_SQE	QPC_CREATE	REQUEST	16	2	56	RESERVED_ZERO	-	STATIC_UNWRITABLE	-	STATIC_UNWRITABLE	CMQ_REQUEST_COMPOSER	REJECT	-	-	0	cmq_sqe_qpc_create_request
cmq_sqe_qpc_create_request	CMQ_SQE	QPC_CREATE	REQUEST	16	2	57	RESERVED_ZERO	-	STATIC_UNWRITABLE	-	STATIC_UNWRITABLE	CMQ_REQUEST_COMPOSER	REJECT	-	-	0	cmq_sqe_qpc_create_request
cmq_sqe_qpc_create_request	CMQ_SQE	QPC_CREATE	REQUEST	16	2	58	RESERVED_ZERO	-	STATIC_UNWRITABLE	-	STATIC_UNWRITABLE	CMQ_REQUEST_COMPOSER	REJECT	-	-	0	cmq_sqe_qpc_create_request
cmq_sqe_qpc_create_request	CMQ_SQE	QPC_CREATE	REQUEST	16	2	59	RESERVED_ZERO	-	STATIC_UNWRITABLE	-	STATIC_UNWRITABLE	CMQ_REQUEST_COMPOSER	REJECT	-	-	0	cmq_sqe_qpc_create_request
cmq_sqe_qpc_create_request	CMQ_SQE	QPC_CREATE	REQUEST	16	2	60	RESERVED_ZERO	-	STATIC_UNWRITABLE	-	STATIC_UNWRITABLE	CMQ_REQUEST_COMPOSER	REJECT	-	-	0	cmq_sqe_qpc_create_request
cmq_sqe_qpc_create_request	CMQ_SQE	QPC_CREATE	REQUEST	16	2	61	RESERVED_ZERO	-	STATIC_UNWRITABLE	-	STATIC_UNWRITABLE	CMQ_REQUEST_COMPOSER	REJECT	-	-	0	cmq_sqe_qpc_create_request
cmq_sqe_qpc_create_request	CMQ_SQE	QPC_CREATE	REQUEST	16	2	62	RESERVED_ZERO	-	STATIC_UNWRITABLE	-	STATIC_UNWRITABLE	CMQ_REQUEST_COMPOSER	REJECT	-	-	0	cmq_sqe_qpc_create_request
cmq_sqe_qpc_create_request	CMQ_SQE	QPC_CREATE	REQUEST	16	2	63	RESERVED_ZERO	-	STATIC_UNWRITABLE	-	STATIC_UNWRITABLE	CMQ_REQUEST_COMPOSER	REJECT	-	-	0	cmq_sqe_qpc_create_request
cmq_sqe_qpc_create_request	CMQ_SQE	QPC_CREATE	REQUEST	31	3	0	RESERVED_ZERO	-	STATIC_UNWRITABLE	-	STATIC_UNWRITABLE	CMQ_REQUEST_COMPOSER	REJECT	-	-	0	cmq_sqe_qpc_create_request
cmq_sqe_qpc_create_request	CMQ_SQE	QPC_CREATE	REQUEST	31	3	1	RESERVED_ZERO	-	STATIC_UNWRITABLE	-	STATIC_UNWRITABLE	CMQ_REQUEST_COMPOSER	REJECT	-	-	0	cmq_sqe_qpc_create_request
cmq_sqe_qpc_create_request	CMQ_SQE	QPC_CREATE	REQUEST	31	3	2	RESERVED_ZERO	-	STATIC_UNWRITABLE	-	STATIC_UNWRITABLE	CMQ_REQUEST_COMPOSER	REJECT	-	-	0	cmq_sqe_qpc_create_request
cmq_sqe_qpc_create_request	CMQ_SQE	QPC_CREATE	REQUEST	31	3	3	RESERVED_ZERO	-	STATIC_UNWRITABLE	-	STATIC_UNWRITABLE	CMQ_REQUEST_COMPOSER	REJECT	-	-	0	cmq_sqe_qpc_create_request
cmq_sqe_qpc_create_request	CMQ_SQE	QPC_CREATE	REQUEST	31	3	4	RESERVED_ZERO	-	STATIC_UNWRITABLE	-	STATIC_UNWRITABLE	CMQ_REQUEST_COMPOSER	REJECT	-	-	0	cmq_sqe_qpc_create_request
cmq_sqe_qpc_create_request	CMQ_SQE	QPC_CREATE	REQUEST	31	3	5	RESERVED_ZERO	-	STATIC_UNWRITABLE	-	STATIC_UNWRITABLE	CMQ_REQUEST_COMPOSER	REJECT	-	-	0	cmq_sqe_qpc_create_request
cmq_sqe_qpc_create_request	CMQ_SQE	QPC_CREATE	REQUEST	31	3	6	RESERVED_ZERO	-	STATIC_UNWRITABLE	-	STATIC_UNWRITABLE	CMQ_REQUEST_COMPOSER	REJECT	-	-	0	cmq_sqe_qpc_create_request
cmq_sqe_qpc_create_request	CMQ_SQE	QPC_CREATE	REQUEST	31	3	7	RESERVED_ZERO	-	STATIC_UNWRITABLE	-	STATIC_UNWRITABLE	CMQ_REQUEST_COMPOSER	REJECT	-	-	0	cmq_sqe_qpc_create_request
cmq_sqe_qpc_create_request	CMQ_SQE	QPC_CREATE	REQUEST	30	3	8	RESERVED_ZERO	-	STATIC_UNWRITABLE	-	STATIC_UNWRITABLE	CMQ_REQUEST_COMPOSER	REJECT	-	-	0	cmq_sqe_qpc_create_request
cmq_sqe_qpc_create_request	CMQ_SQE	QPC_CREATE	REQUEST	30	3	9	HOST_TYPED	qpc_buffer_addr_pa	TYPED_RECOMPOSE	-	ENCODED	CMQ_REQUEST_COMPOSER	ACCEPT	OK	1	1	cmq_sqe_qpc_create_request
cmq_sqe_qpc_create_request	CMQ_SQE	QPC_CREATE	REQUEST	30	3	10	HOST_TYPED	qpc_buffer_addr_pa	TYPED_RECOMPOSE	-	ENCODED	CMQ_REQUEST_COMPOSER	ACCEPT	OK	1	1	cmq_sqe_qpc_create_request
cmq_sqe_qpc_create_request	CMQ_SQE	QPC_CREATE	REQUEST	30	3	11	HOST_TYPED	qpc_buffer_addr_pa	TYPED_RECOMPOSE	-	ENCODED	CMQ_REQUEST_COMPOSER	ACCEPT	OK	1	1	cmq_sqe_qpc_create_request
cmq_sqe_qpc_create_request	CMQ_SQE	QPC_CREATE	REQUEST	30	3	12	HOST_TYPED	qpc_buffer_addr_pa	TYPED_RECOMPOSE	-	ENCODED	CMQ_REQUEST_COMPOSER	ACCEPT	OK	1	1	cmq_sqe_qpc_create_request
cmq_sqe_qpc_create_request	CMQ_SQE	QPC_CREATE	REQUEST	30	3	13	HOST_TYPED	qpc_buffer_addr_pa	TYPED_RECOMPOSE	-	ENCODED	CMQ_REQUEST_COMPOSER	ACCEPT	OK	1	1	cmq_sqe_qpc_create_request
cmq_sqe_qpc_create_request	CMQ_SQE	QPC_CREATE	REQUEST	30	3	14	HOST_TYPED	qpc_buffer_addr_pa	TYPED_RECOMPOSE	-	ENCODED	CMQ_REQUEST_COMPOSER	ACCEPT	OK	1	1	cmq_sqe_qpc_create_request
cmq_sqe_qpc_create_request	CMQ_SQE	QPC_CREATE	REQUEST	30	3	15	HOST_TYPED	qpc_buffer_addr_pa	TYPED_RECOMPOSE	-	ENCODED	CMQ_REQUEST_COMPOSER	ACCEPT	OK	1	1	cmq_sqe_qpc_create_request
cmq_sqe_qpc_create_request	CMQ_SQE	QPC_CREATE	REQUEST	29	3	16	HOST_TYPED	qpc_buffer_addr_pa	TYPED_RECOMPOSE	-	ENCODED	CMQ_REQUEST_COMPOSER	ACCEPT	OK	1	1	cmq_sqe_qpc_create_request
cmq_sqe_qpc_create_request	CMQ_SQE	QPC_CREATE	REQUEST	29	3	17	HOST_TYPED	qpc_buffer_addr_pa	TYPED_RECOMPOSE	-	ENCODED	CMQ_REQUEST_COMPOSER	ACCEPT	OK	1	1	cmq_sqe_qpc_create_request
cmq_sqe_qpc_create_request	CMQ_SQE	QPC_CREATE	REQUEST	29	3	18	HOST_TYPED	qpc_buffer_addr_pa	TYPED_RECOMPOSE	-	ENCODED	CMQ_REQUEST_COMPOSER	ACCEPT	OK	1	1	cmq_sqe_qpc_create_request
cmq_sqe_qpc_create_request	CMQ_SQE	QPC_CREATE	REQUEST	29	3	19	HOST_TYPED	qpc_buffer_addr_pa	TYPED_RECOMPOSE	-	ENCODED	CMQ_REQUEST_COMPOSER	ACCEPT	OK	1	1	cmq_sqe_qpc_create_request
cmq_sqe_qpc_create_request	CMQ_SQE	QPC_CREATE	REQUEST	29	3	20	HOST_TYPED	qpc_buffer_addr_pa	TYPED_RECOMPOSE	-	ENCODED	CMQ_REQUEST_COMPOSER	ACCEPT	OK	1	1	cmq_sqe_qpc_create_request
cmq_sqe_qpc_create_request	CMQ_SQE	QPC_CREATE	REQUEST	29	3	21	HOST_TYPED	qpc_buffer_addr_pa	TYPED_RECOMPOSE	-	ENCODED	CMQ_REQUEST_COMPOSER	ACCEPT	OK	1	1	cmq_sqe_qpc_create_request
cmq_sqe_qpc_create_request	CMQ_SQE	QPC_CREATE	REQUEST	29	3	22	HOST_TYPED	qpc_buffer_addr_pa	TYPED_RECOMPOSE	-	ENCODED	CMQ_REQUEST_COMPOSER	ACCEPT	OK	1	1	cmq_sqe_qpc_create_request
cmq_sqe_qpc_create_request	CMQ_SQE	QPC_CREATE	REQUEST	29	3	23	HOST_TYPED	qpc_buffer_addr_pa	TYPED_RECOMPOSE	-	ENCODED	CMQ_REQUEST_COMPOSER	ACCEPT	OK	1	1	cmq_sqe_qpc_create_request
cmq_sqe_qpc_create_request	CMQ_SQE	QPC_CREATE	REQUEST	28	3	24	HOST_TYPED	qpc_buffer_addr_pa	TYPED_RECOMPOSE	-	ENCODED	CMQ_REQUEST_COMPOSER	ACCEPT	OK	1	1	cmq_sqe_qpc_create_request
cmq_sqe_qpc_create_request	CMQ_SQE	QPC_CREATE	REQUEST	28	3	25	HOST_TYPED	qpc_buffer_addr_pa	TYPED_RECOMPOSE	-	ENCODED	CMQ_REQUEST_COMPOSER	ACCEPT	OK	1	1	cmq_sqe_qpc_create_request
cmq_sqe_qpc_create_request	CMQ_SQE	QPC_CREATE	REQUEST	28	3	26	HOST_TYPED	qpc_buffer_addr_pa	TYPED_RECOMPOSE	-	ENCODED	CMQ_REQUEST_COMPOSER	ACCEPT	OK	1	1	cmq_sqe_qpc_create_request
cmq_sqe_qpc_create_request	CMQ_SQE	QPC_CREATE	REQUEST	28	3	27	HOST_TYPED	qpc_buffer_addr_pa	TYPED_RECOMPOSE	-	ENCODED	CMQ_REQUEST_COMPOSER	ACCEPT	OK	1	1	cmq_sqe_qpc_create_request
cmq_sqe_qpc_create_request	CMQ_SQE	QPC_CREATE	REQUEST	28	3	28	HOST_TYPED	qpc_buffer_addr_pa	TYPED_RECOMPOSE	-	ENCODED	CMQ_REQUEST_COMPOSER	ACCEPT	OK	1	1	cmq_sqe_qpc_create_request
cmq_sqe_qpc_create_request	CMQ_SQE	QPC_CREATE	REQUEST	28	3	29	HOST_TYPED	qpc_buffer_addr_pa	TYPED_RECOMPOSE	-	ENCODED	CMQ_REQUEST_COMPOSER	ACCEPT	OK	1	1	cmq_sqe_qpc_create_request
cmq_sqe_qpc_create_request	CMQ_SQE	QPC_CREATE	REQUEST	28	3	30	HOST_TYPED	qpc_buffer_addr_pa	TYPED_RECOMPOSE	-	ENCODED	CMQ_REQUEST_COMPOSER	ACCEPT	OK	1	1	cmq_sqe_qpc_create_request
cmq_sqe_qpc_create_request	CMQ_SQE	QPC_CREATE	REQUEST	28	3	31	HOST_TYPED	qpc_buffer_addr_pa	TYPED_RECOMPOSE	-	ENCODED	CMQ_REQUEST_COMPOSER	ACCEPT	OK	1	1	cmq_sqe_qpc_create_request
cmq_sqe_qpc_create_request	CMQ_SQE	QPC_CREATE	REQUEST	27	3	32	HOST_TYPED	qpc_buffer_addr_pa	TYPED_RECOMPOSE	-	ENCODED	CMQ_REQUEST_COMPOSER	ACCEPT	OK	1	1	cmq_sqe_qpc_create_request
cmq_sqe_qpc_create_request	CMQ_SQE	QPC_CREATE	REQUEST	27	3	33	HOST_TYPED	qpc_buffer_addr_pa	TYPED_RECOMPOSE	-	ENCODED	CMQ_REQUEST_COMPOSER	ACCEPT	OK	1	1	cmq_sqe_qpc_create_request
cmq_sqe_qpc_create_request	CMQ_SQE	QPC_CREATE	REQUEST	27	3	34	HOST_TYPED	qpc_buffer_addr_pa	TYPED_RECOMPOSE	-	ENCODED	CMQ_REQUEST_COMPOSER	ACCEPT	OK	1	1	cmq_sqe_qpc_create_request
cmq_sqe_qpc_create_request	CMQ_SQE	QPC_CREATE	REQUEST	27	3	35	HOST_TYPED	qpc_buffer_addr_pa	TYPED_RECOMPOSE	-	ENCODED	CMQ_REQUEST_COMPOSER	ACCEPT	OK	1	1	cmq_sqe_qpc_create_request
cmq_sqe_qpc_create_request	CMQ_SQE	QPC_CREATE	REQUEST	27	3	36	HOST_TYPED	qpc_buffer_addr_pa	TYPED_RECOMPOSE	-	ENCODED	CMQ_REQUEST_COMPOSER	ACCEPT	OK	1	1	cmq_sqe_qpc_create_request
cmq_sqe_qpc_create_request	CMQ_SQE	QPC_CREATE	REQUEST	27	3	37	HOST_TYPED	qpc_buffer_addr_pa	TYPED_RECOMPOSE	-	ENCODED	CMQ_REQUEST_COMPOSER	ACCEPT	OK	1	1	cmq_sqe_qpc_create_request
cmq_sqe_qpc_create_request	CMQ_SQE	QPC_CREATE	REQUEST	27	3	38	HOST_TYPED	qpc_buffer_addr_pa	TYPED_RECOMPOSE	-	ENCODED	CMQ_REQUEST_COMPOSER	ACCEPT	OK	1	1	cmq_sqe_qpc_create_request
cmq_sqe_qpc_create_request	CMQ_SQE	QPC_CREATE	REQUEST	27	3	39	HOST_TYPED	qpc_buffer_addr_pa	TYPED_RECOMPOSE	-	ENCODED	CMQ_REQUEST_COMPOSER	ACCEPT	OK	1	1	cmq_sqe_qpc_create_request
cmq_sqe_qpc_create_request	CMQ_SQE	QPC_CREATE	REQUEST	26	3	40	HOST_TYPED	qpc_buffer_addr_pa	TYPED_RECOMPOSE	-	ENCODED	CMQ_REQUEST_COMPOSER	ACCEPT	OK	1	1	cmq_sqe_qpc_create_request
cmq_sqe_qpc_create_request	CMQ_SQE	QPC_CREATE	REQUEST	26	3	41	HOST_TYPED	qpc_buffer_addr_pa	TYPED_RECOMPOSE	-	ENCODED	CMQ_REQUEST_COMPOSER	ACCEPT	OK	1	1	cmq_sqe_qpc_create_request
cmq_sqe_qpc_create_request	CMQ_SQE	QPC_CREATE	REQUEST	26	3	42	HOST_TYPED	qpc_buffer_addr_pa	TYPED_RECOMPOSE	-	ENCODED	CMQ_REQUEST_COMPOSER	ACCEPT	OK	1	1	cmq_sqe_qpc_create_request
cmq_sqe_qpc_create_request	CMQ_SQE	QPC_CREATE	REQUEST	26	3	43	HOST_TYPED	qpc_buffer_addr_pa	TYPED_RECOMPOSE	-	ENCODED	CMQ_REQUEST_COMPOSER	ACCEPT	OK	1	1	cmq_sqe_qpc_create_request
cmq_sqe_qpc_create_request	CMQ_SQE	QPC_CREATE	REQUEST	26	3	44	HOST_TYPED	qpc_buffer_addr_pa	TYPED_RECOMPOSE	-	ENCODED	CMQ_REQUEST_COMPOSER	ACCEPT	OK	1	1	cmq_sqe_qpc_create_request
cmq_sqe_qpc_create_request	CMQ_SQE	QPC_CREATE	REQUEST	26	3	45	HOST_TYPED	qpc_buffer_addr_pa	TYPED_RECOMPOSE	-	ENCODED	CMQ_REQUEST_COMPOSER	ACCEPT	OK	1	1	cmq_sqe_qpc_create_request
cmq_sqe_qpc_create_request	CMQ_SQE	QPC_CREATE	REQUEST	26	3	46	HOST_TYPED	qpc_buffer_addr_pa	TYPED_RECOMPOSE	-	ENCODED	CMQ_REQUEST_COMPOSER	ACCEPT	OK	1	1	cmq_sqe_qpc_create_request
cmq_sqe_qpc_create_request	CMQ_SQE	QPC_CREATE	REQUEST	26	3	47	HOST_TYPED	qpc_buffer_addr_pa	TYPED_RECOMPOSE	-	ENCODED	CMQ_REQUEST_COMPOSER	ACCEPT	OK	1	1	cmq_sqe_qpc_create_request
cmq_sqe_qpc_create_request	CMQ_SQE	QPC_CREATE	REQUEST	25	3	48	HOST_TYPED	qpc_buffer_addr_pa	TYPED_RECOMPOSE	-	ENCODED	CMQ_REQUEST_COMPOSER	ACCEPT	OK	1	1	cmq_sqe_qpc_create_request
cmq_sqe_qpc_create_request	CMQ_SQE	QPC_CREATE	REQUEST	25	3	49	HOST_TYPED	qpc_buffer_addr_pa	TYPED_RECOMPOSE	-	ENCODED	CMQ_REQUEST_COMPOSER	ACCEPT	OK	1	1	cmq_sqe_qpc_create_request
cmq_sqe_qpc_create_request	CMQ_SQE	QPC_CREATE	REQUEST	25	3	50	HOST_TYPED	qpc_buffer_addr_pa	TYPED_RECOMPOSE	-	ENCODED	CMQ_REQUEST_COMPOSER	ACCEPT	OK	1	1	cmq_sqe_qpc_create_request
cmq_sqe_qpc_create_request	CMQ_SQE	QPC_CREATE	REQUEST	25	3	51	HOST_TYPED	qpc_buffer_addr_pa	TYPED_RECOMPOSE	-	ENCODED	CMQ_REQUEST_COMPOSER	ACCEPT	OK	1	1	cmq_sqe_qpc_create_request
cmq_sqe_qpc_create_request	CMQ_SQE	QPC_CREATE	REQUEST	25	3	52	HOST_TYPED	qpc_buffer_addr_pa	TYPED_RECOMPOSE	-	ENCODED	CMQ_REQUEST_COMPOSER	ACCEPT	OK	1	1	cmq_sqe_qpc_create_request
cmq_sqe_qpc_create_request	CMQ_SQE	QPC_CREATE	REQUEST	25	3	53	HOST_TYPED	qpc_buffer_addr_pa	TYPED_RECOMPOSE	-	ENCODED	CMQ_REQUEST_COMPOSER	ACCEPT	OK	1	1	cmq_sqe_qpc_create_request
cmq_sqe_qpc_create_request	CMQ_SQE	QPC_CREATE	REQUEST	25	3	54	HOST_TYPED	qpc_buffer_addr_pa	TYPED_RECOMPOSE	-	ENCODED	CMQ_REQUEST_COMPOSER	ACCEPT	OK	1	1	cmq_sqe_qpc_create_request
cmq_sqe_qpc_create_request	CMQ_SQE	QPC_CREATE	REQUEST	25	3	55	HOST_TYPED	qpc_buffer_addr_pa	TYPED_RECOMPOSE	-	ENCODED	CMQ_REQUEST_COMPOSER	ACCEPT	OK	1	1	cmq_sqe_qpc_create_request
cmq_sqe_qpc_create_request	CMQ_SQE	QPC_CREATE	REQUEST	24	3	56	HOST_TYPED	qpc_buffer_addr_pa	TYPED_RECOMPOSE	-	ENCODED	CMQ_REQUEST_COMPOSER	ACCEPT	OK	1	1	cmq_sqe_qpc_create_request
cmq_sqe_qpc_create_request	CMQ_SQE	QPC_CREATE	REQUEST	24	3	57	HOST_TYPED	qpc_buffer_addr_pa	TYPED_RECOMPOSE	-	ENCODED	CMQ_REQUEST_COMPOSER	ACCEPT	OK	1	1	cmq_sqe_qpc_create_request
cmq_sqe_qpc_create_request	CMQ_SQE	QPC_CREATE	REQUEST	24	3	58	HOST_TYPED	qpc_buffer_addr_pa	TYPED_RECOMPOSE	-	ENCODED	CMQ_REQUEST_COMPOSER	ACCEPT	OK	1	1	cmq_sqe_qpc_create_request
cmq_sqe_qpc_create_request	CMQ_SQE	QPC_CREATE	REQUEST	24	3	59	HOST_TYPED	qpc_buffer_addr_pa	TYPED_RECOMPOSE	-	ENCODED	CMQ_REQUEST_COMPOSER	ACCEPT	OK	1	1	cmq_sqe_qpc_create_request
cmq_sqe_qpc_create_request	CMQ_SQE	QPC_CREATE	REQUEST	24	3	60	HOST_TYPED	qpc_buffer_addr_pa	TYPED_RECOMPOSE	-	ENCODED	CMQ_REQUEST_COMPOSER	ACCEPT	OK	1	1	cmq_sqe_qpc_create_request
cmq_sqe_qpc_create_request	CMQ_SQE	QPC_CREATE	REQUEST	24	3	61	HOST_TYPED	qpc_buffer_addr_pa	TYPED_RECOMPOSE	-	ENCODED	CMQ_REQUEST_COMPOSER	ACCEPT	OK	1	1	cmq_sqe_qpc_create_request
cmq_sqe_qpc_create_request	CMQ_SQE	QPC_CREATE	REQUEST	24	3	62	HOST_TYPED	qpc_buffer_addr_pa	TYPED_RECOMPOSE	-	ENCODED	CMQ_REQUEST_COMPOSER	ACCEPT	OK	1	1	cmq_sqe_qpc_create_request
cmq_sqe_qpc_create_request	CMQ_SQE	QPC_CREATE	REQUEST	24	3	63	HOST_TYPED	qpc_buffer_addr_pa	TYPED_RECOMPOSE	-	ENCODED	CMQ_REQUEST_COMPOSER	ACCEPT	OK	1	1	cmq_sqe_qpc_create_request
cmq_sqe_qpc_create_request	CMQ_SQE	QPC_CREATE	REQUEST	39	4	0	RESERVED_ZERO	-	STATIC_UNWRITABLE	-	STATIC_UNWRITABLE	CMQ_REQUEST_COMPOSER	REJECT	-	-	0	cmq_sqe_qpc_create_request
cmq_sqe_qpc_create_request	CMQ_SQE	QPC_CREATE	REQUEST	39	4	1	RESERVED_ZERO	-	STATIC_UNWRITABLE	-	STATIC_UNWRITABLE	CMQ_REQUEST_COMPOSER	REJECT	-	-	0	cmq_sqe_qpc_create_request
cmq_sqe_qpc_create_request	CMQ_SQE	QPC_CREATE	REQUEST	39	4	2	RESERVED_ZERO	-	STATIC_UNWRITABLE	-	STATIC_UNWRITABLE	CMQ_REQUEST_COMPOSER	REJECT	-	-	0	cmq_sqe_qpc_create_request
cmq_sqe_qpc_create_request	CMQ_SQE	QPC_CREATE	REQUEST	39	4	3	RESERVED_ZERO	-	STATIC_UNWRITABLE	-	STATIC_UNWRITABLE	CMQ_REQUEST_COMPOSER	REJECT	-	-	0	cmq_sqe_qpc_create_request
cmq_sqe_qpc_create_request	CMQ_SQE	QPC_CREATE	REQUEST	39	4	4	RESERVED_ZERO	-	STATIC_UNWRITABLE	-	STATIC_UNWRITABLE	CMQ_REQUEST_COMPOSER	REJECT	-	-	0	cmq_sqe_qpc_create_request
cmq_sqe_qpc_create_request	CMQ_SQE	QPC_CREATE	REQUEST	39	4	5	RESERVED_ZERO	-	STATIC_UNWRITABLE	-	STATIC_UNWRITABLE	CMQ_REQUEST_COMPOSER	REJECT	-	-	0	cmq_sqe_qpc_create_request
cmq_sqe_qpc_create_request	CMQ_SQE	QPC_CREATE	REQUEST	39	4	6	RESERVED_ZERO	-	STATIC_UNWRITABLE	-	STATIC_UNWRITABLE	CMQ_REQUEST_COMPOSER	REJECT	-	-	0	cmq_sqe_qpc_create_request
cmq_sqe_qpc_create_request	CMQ_SQE	QPC_CREATE	REQUEST	39	4	7	RESERVED_ZERO	-	STATIC_UNWRITABLE	-	STATIC_UNWRITABLE	CMQ_REQUEST_COMPOSER	REJECT	-	-	0	cmq_sqe_qpc_create_request
cmq_sqe_qpc_create_request	CMQ_SQE	QPC_CREATE	REQUEST	38	4	8	RESERVED_ZERO	-	STATIC_UNWRITABLE	-	STATIC_UNWRITABLE	CMQ_REQUEST_COMPOSER	REJECT	-	-	0	cmq_sqe_qpc_create_request
cmq_sqe_qpc_create_request	CMQ_SQE	QPC_CREATE	REQUEST	38	4	9	RESERVED_ZERO	-	STATIC_UNWRITABLE	-	STATIC_UNWRITABLE	CMQ_REQUEST_COMPOSER	REJECT	-	-	0	cmq_sqe_qpc_create_request
cmq_sqe_qpc_create_request	CMQ_SQE	QPC_CREATE	REQUEST	38	4	10	RESERVED_ZERO	-	STATIC_UNWRITABLE	-	STATIC_UNWRITABLE	CMQ_REQUEST_COMPOSER	REJECT	-	-	0	cmq_sqe_qpc_create_request
cmq_sqe_qpc_create_request	CMQ_SQE	QPC_CREATE	REQUEST	38	4	11	RESERVED_ZERO	-	STATIC_UNWRITABLE	-	STATIC_UNWRITABLE	CMQ_REQUEST_COMPOSER	REJECT	-	-	0	cmq_sqe_qpc_create_request
cmq_sqe_qpc_create_request	CMQ_SQE	QPC_CREATE	REQUEST	38	4	12	RESERVED_ZERO	-	STATIC_UNWRITABLE	-	STATIC_UNWRITABLE	CMQ_REQUEST_COMPOSER	REJECT	-	-	0	cmq_sqe_qpc_create_request
cmq_sqe_qpc_create_request	CMQ_SQE	QPC_CREATE	REQUEST	38	4	13	RESERVED_ZERO	-	STATIC_UNWRITABLE	-	STATIC_UNWRITABLE	CMQ_REQUEST_COMPOSER	REJECT	-	-	0	cmq_sqe_qpc_create_request
cmq_sqe_qpc_create_request	CMQ_SQE	QPC_CREATE	REQUEST	38	4	14	RESERVED_ZERO	-	STATIC_UNWRITABLE	-	STATIC_UNWRITABLE	CMQ_REQUEST_COMPOSER	REJECT	-	-	0	cmq_sqe_qpc_create_request
cmq_sqe_qpc_create_request	CMQ_SQE	QPC_CREATE	REQUEST	38	4	15	RESERVED_ZERO	-	STATIC_UNWRITABLE	-	STATIC_UNWRITABLE	CMQ_REQUEST_COMPOSER	REJECT	-	-	0	cmq_sqe_qpc_create_request
cmq_sqe_qpc_create_request	CMQ_SQE	QPC_CREATE	REQUEST	37	4	16	RESERVED_ZERO	-	STATIC_UNWRITABLE	-	STATIC_UNWRITABLE	CMQ_REQUEST_COMPOSER	REJECT	-	-	0	cmq_sqe_qpc_create_request
cmq_sqe_qpc_create_request	CMQ_SQE	QPC_CREATE	REQUEST	37	4	17	RESERVED_ZERO	-	STATIC_UNWRITABLE	-	STATIC_UNWRITABLE	CMQ_REQUEST_COMPOSER	REJECT	-	-	0	cmq_sqe_qpc_create_request
cmq_sqe_qpc_create_request	CMQ_SQE	QPC_CREATE	REQUEST	37	4	18	RESERVED_ZERO	-	STATIC_UNWRITABLE	-	STATIC_UNWRITABLE	CMQ_REQUEST_COMPOSER	REJECT	-	-	0	cmq_sqe_qpc_create_request
cmq_sqe_qpc_create_request	CMQ_SQE	QPC_CREATE	REQUEST	37	4	19	RESERVED_ZERO	-	STATIC_UNWRITABLE	-	STATIC_UNWRITABLE	CMQ_REQUEST_COMPOSER	REJECT	-	-	0	cmq_sqe_qpc_create_request
cmq_sqe_qpc_create_request	CMQ_SQE	QPC_CREATE	REQUEST	37	4	20	RESERVED_ZERO	-	STATIC_UNWRITABLE	-	STATIC_UNWRITABLE	CMQ_REQUEST_COMPOSER	REJECT	-	-	0	cmq_sqe_qpc_create_request
cmq_sqe_qpc_create_request	CMQ_SQE	QPC_CREATE	REQUEST	37	4	21	RESERVED_ZERO	-	STATIC_UNWRITABLE	-	STATIC_UNWRITABLE	CMQ_REQUEST_COMPOSER	REJECT	-	-	0	cmq_sqe_qpc_create_request
cmq_sqe_qpc_create_request	CMQ_SQE	QPC_CREATE	REQUEST	37	4	22	RESERVED_ZERO	-	STATIC_UNWRITABLE	-	STATIC_UNWRITABLE	CMQ_REQUEST_COMPOSER	REJECT	-	-	0	cmq_sqe_qpc_create_request
cmq_sqe_qpc_create_request	CMQ_SQE	QPC_CREATE	REQUEST	37	4	23	RESERVED_ZERO	-	STATIC_UNWRITABLE	-	STATIC_UNWRITABLE	CMQ_REQUEST_COMPOSER	REJECT	-	-	0	cmq_sqe_qpc_create_request
cmq_sqe_qpc_create_request	CMQ_SQE	QPC_CREATE	REQUEST	36	4	24	RESERVED_ZERO	-	STATIC_UNWRITABLE	-	STATIC_UNWRITABLE	CMQ_REQUEST_COMPOSER	REJECT	-	-	0	cmq_sqe_qpc_create_request
cmq_sqe_qpc_create_request	CMQ_SQE	QPC_CREATE	REQUEST	36	4	25	RESERVED_ZERO	-	STATIC_UNWRITABLE	-	STATIC_UNWRITABLE	CMQ_REQUEST_COMPOSER	REJECT	-	-	0	cmq_sqe_qpc_create_request
cmq_sqe_qpc_create_request	CMQ_SQE	QPC_CREATE	REQUEST	36	4	26	RESERVED_ZERO	-	STATIC_UNWRITABLE	-	STATIC_UNWRITABLE	CMQ_REQUEST_COMPOSER	REJECT	-	-	0	cmq_sqe_qpc_create_request
cmq_sqe_qpc_create_request	CMQ_SQE	QPC_CREATE	REQUEST	36	4	27	RESERVED_ZERO	-	STATIC_UNWRITABLE	-	STATIC_UNWRITABLE	CMQ_REQUEST_COMPOSER	REJECT	-	-	0	cmq_sqe_qpc_create_request
cmq_sqe_qpc_create_request	CMQ_SQE	QPC_CREATE	REQUEST	36	4	28	RESERVED_ZERO	-	STATIC_UNWRITABLE	-	STATIC_UNWRITABLE	CMQ_REQUEST_COMPOSER	REJECT	-	-	0	cmq_sqe_qpc_create_request
cmq_sqe_qpc_create_request	CMQ_SQE	QPC_CREATE	REQUEST	36	4	29	RESERVED_ZERO	-	STATIC_UNWRITABLE	-	STATIC_UNWRITABLE	CMQ_REQUEST_COMPOSER	REJECT	-	-	0	cmq_sqe_qpc_create_request
cmq_sqe_qpc_create_request	CMQ_SQE	QPC_CREATE	REQUEST	36	4	30	RESERVED_ZERO	-	STATIC_UNWRITABLE	-	STATIC_UNWRITABLE	CMQ_REQUEST_COMPOSER	REJECT	-	-	0	cmq_sqe_qpc_create_request
cmq_sqe_qpc_create_request	CMQ_SQE	QPC_CREATE	REQUEST	36	4	31	RESERVED_ZERO	-	STATIC_UNWRITABLE	-	STATIC_UNWRITABLE	CMQ_REQUEST_COMPOSER	REJECT	-	-	0	cmq_sqe_qpc_create_request
cmq_sqe_qpc_create_request	CMQ_SQE	QPC_CREATE	REQUEST	35	4	32	RESERVED_ZERO	-	STATIC_UNWRITABLE	-	STATIC_UNWRITABLE	CMQ_REQUEST_COMPOSER	REJECT	-	-	0	cmq_sqe_qpc_create_request
cmq_sqe_qpc_create_request	CMQ_SQE	QPC_CREATE	REQUEST	35	4	33	RESERVED_ZERO	-	STATIC_UNWRITABLE	-	STATIC_UNWRITABLE	CMQ_REQUEST_COMPOSER	REJECT	-	-	0	cmq_sqe_qpc_create_request
cmq_sqe_qpc_create_request	CMQ_SQE	QPC_CREATE	REQUEST	35	4	34	RESERVED_ZERO	-	STATIC_UNWRITABLE	-	STATIC_UNWRITABLE	CMQ_REQUEST_COMPOSER	REJECT	-	-	0	cmq_sqe_qpc_create_request
cmq_sqe_qpc_create_request	CMQ_SQE	QPC_CREATE	REQUEST	35	4	35	RESERVED_ZERO	-	STATIC_UNWRITABLE	-	STATIC_UNWRITABLE	CMQ_REQUEST_COMPOSER	REJECT	-	-	0	cmq_sqe_qpc_create_request
cmq_sqe_qpc_create_request	CMQ_SQE	QPC_CREATE	REQUEST	35	4	36	RESERVED_ZERO	-	STATIC_UNWRITABLE	-	STATIC_UNWRITABLE	CMQ_REQUEST_COMPOSER	REJECT	-	-	0	cmq_sqe_qpc_create_request
cmq_sqe_qpc_create_request	CMQ_SQE	QPC_CREATE	REQUEST	35	4	37	RESERVED_ZERO	-	STATIC_UNWRITABLE	-	STATIC_UNWRITABLE	CMQ_REQUEST_COMPOSER	REJECT	-	-	0	cmq_sqe_qpc_create_request
cmq_sqe_qpc_create_request	CMQ_SQE	QPC_CREATE	REQUEST	35	4	38	RESERVED_ZERO	-	STATIC_UNWRITABLE	-	STATIC_UNWRITABLE	CMQ_REQUEST_COMPOSER	REJECT	-	-	0	cmq_sqe_qpc_create_request
cmq_sqe_qpc_create_request	CMQ_SQE	QPC_CREATE	REQUEST	35	4	39	RESERVED_ZERO	-	STATIC_UNWRITABLE	-	STATIC_UNWRITABLE	CMQ_REQUEST_COMPOSER	REJECT	-	-	0	cmq_sqe_qpc_create_request
cmq_sqe_qpc_create_request	CMQ_SQE	QPC_CREATE	REQUEST	34	4	40	RESERVED_ZERO	-	STATIC_UNWRITABLE	-	STATIC_UNWRITABLE	CMQ_REQUEST_COMPOSER	REJECT	-	-	0	cmq_sqe_qpc_create_request
cmq_sqe_qpc_create_request	CMQ_SQE	QPC_CREATE	REQUEST	34	4	41	RESERVED_ZERO	-	STATIC_UNWRITABLE	-	STATIC_UNWRITABLE	CMQ_REQUEST_COMPOSER	REJECT	-	-	0	cmq_sqe_qpc_create_request
cmq_sqe_qpc_create_request	CMQ_SQE	QPC_CREATE	REQUEST	34	4	42	RESERVED_ZERO	-	STATIC_UNWRITABLE	-	STATIC_UNWRITABLE	CMQ_REQUEST_COMPOSER	REJECT	-	-	0	cmq_sqe_qpc_create_request
cmq_sqe_qpc_create_request	CMQ_SQE	QPC_CREATE	REQUEST	34	4	43	RESERVED_ZERO	-	STATIC_UNWRITABLE	-	STATIC_UNWRITABLE	CMQ_REQUEST_COMPOSER	REJECT	-	-	0	cmq_sqe_qpc_create_request
cmq_sqe_qpc_create_request	CMQ_SQE	QPC_CREATE	REQUEST	34	4	44	RESERVED_ZERO	-	STATIC_UNWRITABLE	-	STATIC_UNWRITABLE	CMQ_REQUEST_COMPOSER	REJECT	-	-	0	cmq_sqe_qpc_create_request
cmq_sqe_qpc_create_request	CMQ_SQE	QPC_CREATE	REQUEST	34	4	45	RESERVED_ZERO	-	STATIC_UNWRITABLE	-	STATIC_UNWRITABLE	CMQ_REQUEST_COMPOSER	REJECT	-	-	0	cmq_sqe_qpc_create_request
cmq_sqe_qpc_create_request	CMQ_SQE	QPC_CREATE	REQUEST	34	4	46	RESERVED_ZERO	-	STATIC_UNWRITABLE	-	STATIC_UNWRITABLE	CMQ_REQUEST_COMPOSER	REJECT	-	-	0	cmq_sqe_qpc_create_request
cmq_sqe_qpc_create_request	CMQ_SQE	QPC_CREATE	REQUEST	34	4	47	RESERVED_ZERO	-	STATIC_UNWRITABLE	-	STATIC_UNWRITABLE	CMQ_REQUEST_COMPOSER	REJECT	-	-	0	cmq_sqe_qpc_create_request
cmq_sqe_qpc_create_request	CMQ_SQE	QPC_CREATE	REQUEST	33	4	48	RESERVED_ZERO	-	STATIC_UNWRITABLE	-	STATIC_UNWRITABLE	CMQ_REQUEST_COMPOSER	REJECT	-	-	0	cmq_sqe_qpc_create_request
cmq_sqe_qpc_create_request	CMQ_SQE	QPC_CREATE	REQUEST	33	4	49	RESERVED_ZERO	-	STATIC_UNWRITABLE	-	STATIC_UNWRITABLE	CMQ_REQUEST_COMPOSER	REJECT	-	-	0	cmq_sqe_qpc_create_request
cmq_sqe_qpc_create_request	CMQ_SQE	QPC_CREATE	REQUEST	33	4	50	RESERVED_ZERO	-	STATIC_UNWRITABLE	-	STATIC_UNWRITABLE	CMQ_REQUEST_COMPOSER	REJECT	-	-	0	cmq_sqe_qpc_create_request
cmq_sqe_qpc_create_request	CMQ_SQE	QPC_CREATE	REQUEST	33	4	51	RESERVED_ZERO	-	STATIC_UNWRITABLE	-	STATIC_UNWRITABLE	CMQ_REQUEST_COMPOSER	REJECT	-	-	0	cmq_sqe_qpc_create_request
cmq_sqe_qpc_create_request	CMQ_SQE	QPC_CREATE	REQUEST	33	4	52	RESERVED_ZERO	-	STATIC_UNWRITABLE	-	STATIC_UNWRITABLE	CMQ_REQUEST_COMPOSER	REJECT	-	-	0	cmq_sqe_qpc_create_request
cmq_sqe_qpc_create_request	CMQ_SQE	QPC_CREATE	REQUEST	33	4	53	RESERVED_ZERO	-	STATIC_UNWRITABLE	-	STATIC_UNWRITABLE	CMQ_REQUEST_COMPOSER	REJECT	-	-	0	cmq_sqe_qpc_create_request
cmq_sqe_qpc_create_request	CMQ_SQE	QPC_CREATE	REQUEST	33	4	54	RESERVED_ZERO	-	STATIC_UNWRITABLE	-	STATIC_UNWRITABLE	CMQ_REQUEST_COMPOSER	REJECT	-	-	0	cmq_sqe_qpc_create_request
cmq_sqe_qpc_create_request	CMQ_SQE	QPC_CREATE	REQUEST	33	4	55	RESERVED_ZERO	-	STATIC_UNWRITABLE	-	STATIC_UNWRITABLE	CMQ_REQUEST_COMPOSER	REJECT	-	-	0	cmq_sqe_qpc_create_request
cmq_sqe_qpc_create_request	CMQ_SQE	QPC_CREATE	REQUEST	32	4	56	RESERVED_ZERO	-	STATIC_UNWRITABLE	-	STATIC_UNWRITABLE	CMQ_REQUEST_COMPOSER	REJECT	-	-	0	cmq_sqe_qpc_create_request
cmq_sqe_qpc_create_request	CMQ_SQE	QPC_CREATE	REQUEST	32	4	57	RESERVED_ZERO	-	STATIC_UNWRITABLE	-	STATIC_UNWRITABLE	CMQ_REQUEST_COMPOSER	REJECT	-	-	0	cmq_sqe_qpc_create_request
cmq_sqe_qpc_create_request	CMQ_SQE	QPC_CREATE	REQUEST	32	4	58	RESERVED_ZERO	-	STATIC_UNWRITABLE	-	STATIC_UNWRITABLE	CMQ_REQUEST_COMPOSER	REJECT	-	-	0	cmq_sqe_qpc_create_request
cmq_sqe_qpc_create_request	CMQ_SQE	QPC_CREATE	REQUEST	32	4	59	RESERVED_ZERO	-	STATIC_UNWRITABLE	-	STATIC_UNWRITABLE	CMQ_REQUEST_COMPOSER	REJECT	-	-	0	cmq_sqe_qpc_create_request
cmq_sqe_qpc_create_request	CMQ_SQE	QPC_CREATE	REQUEST	32	4	60	RESERVED_ZERO	-	STATIC_UNWRITABLE	-	STATIC_UNWRITABLE	CMQ_REQUEST_COMPOSER	REJECT	-	-	0	cmq_sqe_qpc_create_request
cmq_sqe_qpc_create_request	CMQ_SQE	QPC_CREATE	REQUEST	32	4	61	RESERVED_ZERO	-	STATIC_UNWRITABLE	-	STATIC_UNWRITABLE	CMQ_REQUEST_COMPOSER	REJECT	-	-	0	cmq_sqe_qpc_create_request
cmq_sqe_qpc_create_request	CMQ_SQE	QPC_CREATE	REQUEST	32	4	62	RESERVED_ZERO	-	STATIC_UNWRITABLE	-	STATIC_UNWRITABLE	CMQ_REQUEST_COMPOSER	REJECT	-	-	0	cmq_sqe_qpc_create_request
cmq_sqe_qpc_create_request	CMQ_SQE	QPC_CREATE	REQUEST	32	4	63	RESERVED_ZERO	-	STATIC_UNWRITABLE	-	STATIC_UNWRITABLE	CMQ_REQUEST_COMPOSER	REJECT	-	-	0	cmq_sqe_qpc_create_request
cmq_sqe_qpc_create_request	CMQ_SQE	QPC_CREATE	REQUEST	47	5	0	RESERVED_ZERO	-	STATIC_UNWRITABLE	-	STATIC_UNWRITABLE	CMQ_REQUEST_COMPOSER	REJECT	-	-	0	cmq_sqe_qpc_create_request
cmq_sqe_qpc_create_request	CMQ_SQE	QPC_CREATE	REQUEST	47	5	1	RESERVED_ZERO	-	STATIC_UNWRITABLE	-	STATIC_UNWRITABLE	CMQ_REQUEST_COMPOSER	REJECT	-	-	0	cmq_sqe_qpc_create_request
cmq_sqe_qpc_create_request	CMQ_SQE	QPC_CREATE	REQUEST	47	5	2	RESERVED_ZERO	-	STATIC_UNWRITABLE	-	STATIC_UNWRITABLE	CMQ_REQUEST_COMPOSER	REJECT	-	-	0	cmq_sqe_qpc_create_request
cmq_sqe_qpc_create_request	CMQ_SQE	QPC_CREATE	REQUEST	47	5	3	RESERVED_ZERO	-	STATIC_UNWRITABLE	-	STATIC_UNWRITABLE	CMQ_REQUEST_COMPOSER	REJECT	-	-	0	cmq_sqe_qpc_create_request
cmq_sqe_qpc_create_request	CMQ_SQE	QPC_CREATE	REQUEST	47	5	4	RESERVED_ZERO	-	STATIC_UNWRITABLE	-	STATIC_UNWRITABLE	CMQ_REQUEST_COMPOSER	REJECT	-	-	0	cmq_sqe_qpc_create_request
cmq_sqe_qpc_create_request	CMQ_SQE	QPC_CREATE	REQUEST	47	5	5	RESERVED_ZERO	-	STATIC_UNWRITABLE	-	STATIC_UNWRITABLE	CMQ_REQUEST_COMPOSER	REJECT	-	-	0	cmq_sqe_qpc_create_request
cmq_sqe_qpc_create_request	CMQ_SQE	QPC_CREATE	REQUEST	47	5	6	RESERVED_ZERO	-	STATIC_UNWRITABLE	-	STATIC_UNWRITABLE	CMQ_REQUEST_COMPOSER	REJECT	-	-	0	cmq_sqe_qpc_create_request
cmq_sqe_qpc_create_request	CMQ_SQE	QPC_CREATE	REQUEST	47	5	7	RESERVED_ZERO	-	STATIC_UNWRITABLE	-	STATIC_UNWRITABLE	CMQ_REQUEST_COMPOSER	REJECT	-	-	0	cmq_sqe_qpc_create_request
cmq_sqe_qpc_create_request	CMQ_SQE	QPC_CREATE	REQUEST	46	5	8	RESERVED_ZERO	-	STATIC_UNWRITABLE	-	STATIC_UNWRITABLE	CMQ_REQUEST_COMPOSER	REJECT	-	-	0	cmq_sqe_qpc_create_request
cmq_sqe_qpc_create_request	CMQ_SQE	QPC_CREATE	REQUEST	46	5	9	RESERVED_ZERO	-	STATIC_UNWRITABLE	-	STATIC_UNWRITABLE	CMQ_REQUEST_COMPOSER	REJECT	-	-	0	cmq_sqe_qpc_create_request
cmq_sqe_qpc_create_request	CMQ_SQE	QPC_CREATE	REQUEST	46	5	10	RESERVED_ZERO	-	STATIC_UNWRITABLE	-	STATIC_UNWRITABLE	CMQ_REQUEST_COMPOSER	REJECT	-	-	0	cmq_sqe_qpc_create_request
cmq_sqe_qpc_create_request	CMQ_SQE	QPC_CREATE	REQUEST	46	5	11	RESERVED_ZERO	-	STATIC_UNWRITABLE	-	STATIC_UNWRITABLE	CMQ_REQUEST_COMPOSER	REJECT	-	-	0	cmq_sqe_qpc_create_request
cmq_sqe_qpc_create_request	CMQ_SQE	QPC_CREATE	REQUEST	46	5	12	RESERVED_ZERO	-	STATIC_UNWRITABLE	-	STATIC_UNWRITABLE	CMQ_REQUEST_COMPOSER	REJECT	-	-	0	cmq_sqe_qpc_create_request
cmq_sqe_qpc_create_request	CMQ_SQE	QPC_CREATE	REQUEST	46	5	13	RESERVED_ZERO	-	STATIC_UNWRITABLE	-	STATIC_UNWRITABLE	CMQ_REQUEST_COMPOSER	REJECT	-	-	0	cmq_sqe_qpc_create_request
cmq_sqe_qpc_create_request	CMQ_SQE	QPC_CREATE	REQUEST	46	5	14	RESERVED_ZERO	-	STATIC_UNWRITABLE	-	STATIC_UNWRITABLE	CMQ_REQUEST_COMPOSER	REJECT	-	-	0	cmq_sqe_qpc_create_request
cmq_sqe_qpc_create_request	CMQ_SQE	QPC_CREATE	REQUEST	46	5	15	RESERVED_ZERO	-	STATIC_UNWRITABLE	-	STATIC_UNWRITABLE	CMQ_REQUEST_COMPOSER	REJECT	-	-	0	cmq_sqe_qpc_create_request
cmq_sqe_qpc_create_request	CMQ_SQE	QPC_CREATE	REQUEST	45	5	16	RESERVED_ZERO	-	STATIC_UNWRITABLE	-	STATIC_UNWRITABLE	CMQ_REQUEST_COMPOSER	REJECT	-	-	0	cmq_sqe_qpc_create_request
cmq_sqe_qpc_create_request	CMQ_SQE	QPC_CREATE	REQUEST	45	5	17	RESERVED_ZERO	-	STATIC_UNWRITABLE	-	STATIC_UNWRITABLE	CMQ_REQUEST_COMPOSER	REJECT	-	-	0	cmq_sqe_qpc_create_request
cmq_sqe_qpc_create_request	CMQ_SQE	QPC_CREATE	REQUEST	45	5	18	RESERVED_ZERO	-	STATIC_UNWRITABLE	-	STATIC_UNWRITABLE	CMQ_REQUEST_COMPOSER	REJECT	-	-	0	cmq_sqe_qpc_create_request
cmq_sqe_qpc_create_request	CMQ_SQE	QPC_CREATE	REQUEST	45	5	19	RESERVED_ZERO	-	STATIC_UNWRITABLE	-	STATIC_UNWRITABLE	CMQ_REQUEST_COMPOSER	REJECT	-	-	0	cmq_sqe_qpc_create_request
cmq_sqe_qpc_create_request	CMQ_SQE	QPC_CREATE	REQUEST	45	5	20	RESERVED_ZERO	-	STATIC_UNWRITABLE	-	STATIC_UNWRITABLE	CMQ_REQUEST_COMPOSER	REJECT	-	-	0	cmq_sqe_qpc_create_request
cmq_sqe_qpc_create_request	CMQ_SQE	QPC_CREATE	REQUEST	45	5	21	RESERVED_ZERO	-	STATIC_UNWRITABLE	-	STATIC_UNWRITABLE	CMQ_REQUEST_COMPOSER	REJECT	-	-	0	cmq_sqe_qpc_create_request
cmq_sqe_qpc_create_request	CMQ_SQE	QPC_CREATE	REQUEST	45	5	22	RESERVED_ZERO	-	STATIC_UNWRITABLE	-	STATIC_UNWRITABLE	CMQ_REQUEST_COMPOSER	REJECT	-	-	0	cmq_sqe_qpc_create_request
cmq_sqe_qpc_create_request	CMQ_SQE	QPC_CREATE	REQUEST	45	5	23	RESERVED_ZERO	-	STATIC_UNWRITABLE	-	STATIC_UNWRITABLE	CMQ_REQUEST_COMPOSER	REJECT	-	-	0	cmq_sqe_qpc_create_request
cmq_sqe_qpc_create_request	CMQ_SQE	QPC_CREATE	REQUEST	44	5	24	RESERVED_ZERO	-	STATIC_UNWRITABLE	-	STATIC_UNWRITABLE	CMQ_REQUEST_COMPOSER	REJECT	-	-	0	cmq_sqe_qpc_create_request
cmq_sqe_qpc_create_request	CMQ_SQE	QPC_CREATE	REQUEST	44	5	25	RESERVED_ZERO	-	STATIC_UNWRITABLE	-	STATIC_UNWRITABLE	CMQ_REQUEST_COMPOSER	REJECT	-	-	0	cmq_sqe_qpc_create_request
cmq_sqe_qpc_create_request	CMQ_SQE	QPC_CREATE	REQUEST	44	5	26	RESERVED_ZERO	-	STATIC_UNWRITABLE	-	STATIC_UNWRITABLE	CMQ_REQUEST_COMPOSER	REJECT	-	-	0	cmq_sqe_qpc_create_request
cmq_sqe_qpc_create_request	CMQ_SQE	QPC_CREATE	REQUEST	44	5	27	RESERVED_ZERO	-	STATIC_UNWRITABLE	-	STATIC_UNWRITABLE	CMQ_REQUEST_COMPOSER	REJECT	-	-	0	cmq_sqe_qpc_create_request
cmq_sqe_qpc_create_request	CMQ_SQE	QPC_CREATE	REQUEST	44	5	28	RESERVED_ZERO	-	STATIC_UNWRITABLE	-	STATIC_UNWRITABLE	CMQ_REQUEST_COMPOSER	REJECT	-	-	0	cmq_sqe_qpc_create_request
cmq_sqe_qpc_create_request	CMQ_SQE	QPC_CREATE	REQUEST	44	5	29	RESERVED_ZERO	-	STATIC_UNWRITABLE	-	STATIC_UNWRITABLE	CMQ_REQUEST_COMPOSER	REJECT	-	-	0	cmq_sqe_qpc_create_request
cmq_sqe_qpc_create_request	CMQ_SQE	QPC_CREATE	REQUEST	44	5	30	RESERVED_ZERO	-	STATIC_UNWRITABLE	-	STATIC_UNWRITABLE	CMQ_REQUEST_COMPOSER	REJECT	-	-	0	cmq_sqe_qpc_create_request
cmq_sqe_qpc_create_request	CMQ_SQE	QPC_CREATE	REQUEST	44	5	31	RESERVED_ZERO	-	STATIC_UNWRITABLE	-	STATIC_UNWRITABLE	CMQ_REQUEST_COMPOSER	REJECT	-	-	0	cmq_sqe_qpc_create_request
cmq_sqe_qpc_create_request	CMQ_SQE	QPC_CREATE	REQUEST	43	5	32	RESERVED_ZERO	-	STATIC_UNWRITABLE	-	STATIC_UNWRITABLE	CMQ_REQUEST_COMPOSER	REJECT	-	-	0	cmq_sqe_qpc_create_request
cmq_sqe_qpc_create_request	CMQ_SQE	QPC_CREATE	REQUEST	43	5	33	RESERVED_ZERO	-	STATIC_UNWRITABLE	-	STATIC_UNWRITABLE	CMQ_REQUEST_COMPOSER	REJECT	-	-	0	cmq_sqe_qpc_create_request
cmq_sqe_qpc_create_request	CMQ_SQE	QPC_CREATE	REQUEST	43	5	34	RESERVED_ZERO	-	STATIC_UNWRITABLE	-	STATIC_UNWRITABLE	CMQ_REQUEST_COMPOSER	REJECT	-	-	0	cmq_sqe_qpc_create_request
cmq_sqe_qpc_create_request	CMQ_SQE	QPC_CREATE	REQUEST	43	5	35	RESERVED_ZERO	-	STATIC_UNWRITABLE	-	STATIC_UNWRITABLE	CMQ_REQUEST_COMPOSER	REJECT	-	-	0	cmq_sqe_qpc_create_request
cmq_sqe_qpc_create_request	CMQ_SQE	QPC_CREATE	REQUEST	43	5	36	RESERVED_ZERO	-	STATIC_UNWRITABLE	-	STATIC_UNWRITABLE	CMQ_REQUEST_COMPOSER	REJECT	-	-	0	cmq_sqe_qpc_create_request
cmq_sqe_qpc_create_request	CMQ_SQE	QPC_CREATE	REQUEST	43	5	37	RESERVED_ZERO	-	STATIC_UNWRITABLE	-	STATIC_UNWRITABLE	CMQ_REQUEST_COMPOSER	REJECT	-	-	0	cmq_sqe_qpc_create_request
cmq_sqe_qpc_create_request	CMQ_SQE	QPC_CREATE	REQUEST	43	5	38	RESERVED_ZERO	-	STATIC_UNWRITABLE	-	STATIC_UNWRITABLE	CMQ_REQUEST_COMPOSER	REJECT	-	-	0	cmq_sqe_qpc_create_request
cmq_sqe_qpc_create_request	CMQ_SQE	QPC_CREATE	REQUEST	43	5	39	RESERVED_ZERO	-	STATIC_UNWRITABLE	-	STATIC_UNWRITABLE	CMQ_REQUEST_COMPOSER	REJECT	-	-	0	cmq_sqe_qpc_create_request
cmq_sqe_qpc_create_request	CMQ_SQE	QPC_CREATE	REQUEST	42	5	40	RESERVED_ZERO	-	STATIC_UNWRITABLE	-	STATIC_UNWRITABLE	CMQ_REQUEST_COMPOSER	REJECT	-	-	0	cmq_sqe_qpc_create_request
cmq_sqe_qpc_create_request	CMQ_SQE	QPC_CREATE	REQUEST	42	5	41	RESERVED_ZERO	-	STATIC_UNWRITABLE	-	STATIC_UNWRITABLE	CMQ_REQUEST_COMPOSER	REJECT	-	-	0	cmq_sqe_qpc_create_request
cmq_sqe_qpc_create_request	CMQ_SQE	QPC_CREATE	REQUEST	42	5	42	RESERVED_ZERO	-	STATIC_UNWRITABLE	-	STATIC_UNWRITABLE	CMQ_REQUEST_COMPOSER	REJECT	-	-	0	cmq_sqe_qpc_create_request
cmq_sqe_qpc_create_request	CMQ_SQE	QPC_CREATE	REQUEST	42	5	43	RESERVED_ZERO	-	STATIC_UNWRITABLE	-	STATIC_UNWRITABLE	CMQ_REQUEST_COMPOSER	REJECT	-	-	0	cmq_sqe_qpc_create_request
cmq_sqe_qpc_create_request	CMQ_SQE	QPC_CREATE	REQUEST	42	5	44	RESERVED_ZERO	-	STATIC_UNWRITABLE	-	STATIC_UNWRITABLE	CMQ_REQUEST_COMPOSER	REJECT	-	-	0	cmq_sqe_qpc_create_request
cmq_sqe_qpc_create_request	CMQ_SQE	QPC_CREATE	REQUEST	42	5	45	RESERVED_ZERO	-	STATIC_UNWRITABLE	-	STATIC_UNWRITABLE	CMQ_REQUEST_COMPOSER	REJECT	-	-	0	cmq_sqe_qpc_create_request
cmq_sqe_qpc_create_request	CMQ_SQE	QPC_CREATE	REQUEST	42	5	46	RESERVED_ZERO	-	STATIC_UNWRITABLE	-	STATIC_UNWRITABLE	CMQ_REQUEST_COMPOSER	REJECT	-	-	0	cmq_sqe_qpc_create_request
cmq_sqe_qpc_create_request	CMQ_SQE	QPC_CREATE	REQUEST	42	5	47	RESERVED_ZERO	-	STATIC_UNWRITABLE	-	STATIC_UNWRITABLE	CMQ_REQUEST_COMPOSER	REJECT	-	-	0	cmq_sqe_qpc_create_request
cmq_sqe_qpc_create_request	CMQ_SQE	QPC_CREATE	REQUEST	41	5	48	RESERVED_ZERO	-	STATIC_UNWRITABLE	-	STATIC_UNWRITABLE	CMQ_REQUEST_COMPOSER	REJECT	-	-	0	cmq_sqe_qpc_create_request
cmq_sqe_qpc_create_request	CMQ_SQE	QPC_CREATE	REQUEST	41	5	49	RESERVED_ZERO	-	STATIC_UNWRITABLE	-	STATIC_UNWRITABLE	CMQ_REQUEST_COMPOSER	REJECT	-	-	0	cmq_sqe_qpc_create_request
cmq_sqe_qpc_create_request	CMQ_SQE	QPC_CREATE	REQUEST	41	5	50	RESERVED_ZERO	-	STATIC_UNWRITABLE	-	STATIC_UNWRITABLE	CMQ_REQUEST_COMPOSER	REJECT	-	-	0	cmq_sqe_qpc_create_request
cmq_sqe_qpc_create_request	CMQ_SQE	QPC_CREATE	REQUEST	41	5	51	RESERVED_ZERO	-	STATIC_UNWRITABLE	-	STATIC_UNWRITABLE	CMQ_REQUEST_COMPOSER	REJECT	-	-	0	cmq_sqe_qpc_create_request
cmq_sqe_qpc_create_request	CMQ_SQE	QPC_CREATE	REQUEST	41	5	52	RESERVED_ZERO	-	STATIC_UNWRITABLE	-	STATIC_UNWRITABLE	CMQ_REQUEST_COMPOSER	REJECT	-	-	0	cmq_sqe_qpc_create_request
cmq_sqe_qpc_create_request	CMQ_SQE	QPC_CREATE	REQUEST	41	5	53	RESERVED_ZERO	-	STATIC_UNWRITABLE	-	STATIC_UNWRITABLE	CMQ_REQUEST_COMPOSER	REJECT	-	-	0	cmq_sqe_qpc_create_request
cmq_sqe_qpc_create_request	CMQ_SQE	QPC_CREATE	REQUEST	41	5	54	RESERVED_ZERO	-	STATIC_UNWRITABLE	-	STATIC_UNWRITABLE	CMQ_REQUEST_COMPOSER	REJECT	-	-	0	cmq_sqe_qpc_create_request
cmq_sqe_qpc_create_request	CMQ_SQE	QPC_CREATE	REQUEST	41	5	55	RESERVED_ZERO	-	STATIC_UNWRITABLE	-	STATIC_UNWRITABLE	CMQ_REQUEST_COMPOSER	REJECT	-	-	0	cmq_sqe_qpc_create_request
cmq_sqe_qpc_create_request	CMQ_SQE	QPC_CREATE	REQUEST	40	5	56	RESERVED_ZERO	-	STATIC_UNWRITABLE	-	STATIC_UNWRITABLE	CMQ_REQUEST_COMPOSER	REJECT	-	-	0	cmq_sqe_qpc_create_request
cmq_sqe_qpc_create_request	CMQ_SQE	QPC_CREATE	REQUEST	40	5	57	RESERVED_ZERO	-	STATIC_UNWRITABLE	-	STATIC_UNWRITABLE	CMQ_REQUEST_COMPOSER	REJECT	-	-	0	cmq_sqe_qpc_create_request
cmq_sqe_qpc_create_request	CMQ_SQE	QPC_CREATE	REQUEST	40	5	58	RESERVED_ZERO	-	STATIC_UNWRITABLE	-	STATIC_UNWRITABLE	CMQ_REQUEST_COMPOSER	REJECT	-	-	0	cmq_sqe_qpc_create_request
cmq_sqe_qpc_create_request	CMQ_SQE	QPC_CREATE	REQUEST	40	5	59	RESERVED_ZERO	-	STATIC_UNWRITABLE	-	STATIC_UNWRITABLE	CMQ_REQUEST_COMPOSER	REJECT	-	-	0	cmq_sqe_qpc_create_request
cmq_sqe_qpc_create_request	CMQ_SQE	QPC_CREATE	REQUEST	40	5	60	RESERVED_ZERO	-	STATIC_UNWRITABLE	-	STATIC_UNWRITABLE	CMQ_REQUEST_COMPOSER	REJECT	-	-	0	cmq_sqe_qpc_create_request
cmq_sqe_qpc_create_request	CMQ_SQE	QPC_CREATE	REQUEST	40	5	61	RESERVED_ZERO	-	STATIC_UNWRITABLE	-	STATIC_UNWRITABLE	CMQ_REQUEST_COMPOSER	REJECT	-	-	0	cmq_sqe_qpc_create_request
cmq_sqe_qpc_create_request	CMQ_SQE	QPC_CREATE	REQUEST	40	5	62	RESERVED_ZERO	-	STATIC_UNWRITABLE	-	STATIC_UNWRITABLE	CMQ_REQUEST_COMPOSER	REJECT	-	-	0	cmq_sqe_qpc_create_request
cmq_sqe_qpc_create_request	CMQ_SQE	QPC_CREATE	REQUEST	40	5	63	RESERVED_ZERO	-	STATIC_UNWRITABLE	-	STATIC_UNWRITABLE	CMQ_REQUEST_COMPOSER	REJECT	-	-	0	cmq_sqe_qpc_create_request
cmq_sqe_qpc_create_request	CMQ_SQE	QPC_CREATE	REQUEST	55	6	0	RESERVED_ZERO	-	STATIC_UNWRITABLE	-	STATIC_UNWRITABLE	CMQ_REQUEST_COMPOSER	REJECT	-	-	0	cmq_sqe_qpc_create_request
cmq_sqe_qpc_create_request	CMQ_SQE	QPC_CREATE	REQUEST	55	6	1	RESERVED_ZERO	-	STATIC_UNWRITABLE	-	STATIC_UNWRITABLE	CMQ_REQUEST_COMPOSER	REJECT	-	-	0	cmq_sqe_qpc_create_request
cmq_sqe_qpc_create_request	CMQ_SQE	QPC_CREATE	REQUEST	55	6	2	RESERVED_ZERO	-	STATIC_UNWRITABLE	-	STATIC_UNWRITABLE	CMQ_REQUEST_COMPOSER	REJECT	-	-	0	cmq_sqe_qpc_create_request
cmq_sqe_qpc_create_request	CMQ_SQE	QPC_CREATE	REQUEST	55	6	3	RESERVED_ZERO	-	STATIC_UNWRITABLE	-	STATIC_UNWRITABLE	CMQ_REQUEST_COMPOSER	REJECT	-	-	0	cmq_sqe_qpc_create_request
cmq_sqe_qpc_create_request	CMQ_SQE	QPC_CREATE	REQUEST	55	6	4	RESERVED_ZERO	-	STATIC_UNWRITABLE	-	STATIC_UNWRITABLE	CMQ_REQUEST_COMPOSER	REJECT	-	-	0	cmq_sqe_qpc_create_request
cmq_sqe_qpc_create_request	CMQ_SQE	QPC_CREATE	REQUEST	55	6	5	RESERVED_ZERO	-	STATIC_UNWRITABLE	-	STATIC_UNWRITABLE	CMQ_REQUEST_COMPOSER	REJECT	-	-	0	cmq_sqe_qpc_create_request
cmq_sqe_qpc_create_request	CMQ_SQE	QPC_CREATE	REQUEST	55	6	6	RESERVED_ZERO	-	STATIC_UNWRITABLE	-	STATIC_UNWRITABLE	CMQ_REQUEST_COMPOSER	REJECT	-	-	0	cmq_sqe_qpc_create_request
cmq_sqe_qpc_create_request	CMQ_SQE	QPC_CREATE	REQUEST	55	6	7	RESERVED_ZERO	-	STATIC_UNWRITABLE	-	STATIC_UNWRITABLE	CMQ_REQUEST_COMPOSER	REJECT	-	-	0	cmq_sqe_qpc_create_request
cmq_sqe_qpc_create_request	CMQ_SQE	QPC_CREATE	REQUEST	54	6	8	RESERVED_ZERO	-	STATIC_UNWRITABLE	-	STATIC_UNWRITABLE	CMQ_REQUEST_COMPOSER	REJECT	-	-	0	cmq_sqe_qpc_create_request
cmq_sqe_qpc_create_request	CMQ_SQE	QPC_CREATE	REQUEST	54	6	9	RESERVED_ZERO	-	STATIC_UNWRITABLE	-	STATIC_UNWRITABLE	CMQ_REQUEST_COMPOSER	REJECT	-	-	0	cmq_sqe_qpc_create_request
cmq_sqe_qpc_create_request	CMQ_SQE	QPC_CREATE	REQUEST	54	6	10	RESERVED_ZERO	-	STATIC_UNWRITABLE	-	STATIC_UNWRITABLE	CMQ_REQUEST_COMPOSER	REJECT	-	-	0	cmq_sqe_qpc_create_request
cmq_sqe_qpc_create_request	CMQ_SQE	QPC_CREATE	REQUEST	54	6	11	RESERVED_ZERO	-	STATIC_UNWRITABLE	-	STATIC_UNWRITABLE	CMQ_REQUEST_COMPOSER	REJECT	-	-	0	cmq_sqe_qpc_create_request
cmq_sqe_qpc_create_request	CMQ_SQE	QPC_CREATE	REQUEST	54	6	12	RESERVED_ZERO	-	STATIC_UNWRITABLE	-	STATIC_UNWRITABLE	CMQ_REQUEST_COMPOSER	REJECT	-	-	0	cmq_sqe_qpc_create_request
cmq_sqe_qpc_create_request	CMQ_SQE	QPC_CREATE	REQUEST	54	6	13	RESERVED_ZERO	-	STATIC_UNWRITABLE	-	STATIC_UNWRITABLE	CMQ_REQUEST_COMPOSER	REJECT	-	-	0	cmq_sqe_qpc_create_request
cmq_sqe_qpc_create_request	CMQ_SQE	QPC_CREATE	REQUEST	54	6	14	RESERVED_ZERO	-	STATIC_UNWRITABLE	-	STATIC_UNWRITABLE	CMQ_REQUEST_COMPOSER	REJECT	-	-	0	cmq_sqe_qpc_create_request
cmq_sqe_qpc_create_request	CMQ_SQE	QPC_CREATE	REQUEST	54	6	15	RESERVED_ZERO	-	STATIC_UNWRITABLE	-	STATIC_UNWRITABLE	CMQ_REQUEST_COMPOSER	REJECT	-	-	0	cmq_sqe_qpc_create_request
cmq_sqe_qpc_create_request	CMQ_SQE	QPC_CREATE	REQUEST	53	6	16	RESERVED_ZERO	-	STATIC_UNWRITABLE	-	STATIC_UNWRITABLE	CMQ_REQUEST_COMPOSER	REJECT	-	-	0	cmq_sqe_qpc_create_request
cmq_sqe_qpc_create_request	CMQ_SQE	QPC_CREATE	REQUEST	53	6	17	RESERVED_ZERO	-	STATIC_UNWRITABLE	-	STATIC_UNWRITABLE	CMQ_REQUEST_COMPOSER	REJECT	-	-	0	cmq_sqe_qpc_create_request
cmq_sqe_qpc_create_request	CMQ_SQE	QPC_CREATE	REQUEST	53	6	18	RESERVED_ZERO	-	STATIC_UNWRITABLE	-	STATIC_UNWRITABLE	CMQ_REQUEST_COMPOSER	REJECT	-	-	0	cmq_sqe_qpc_create_request
cmq_sqe_qpc_create_request	CMQ_SQE	QPC_CREATE	REQUEST	53	6	19	RESERVED_ZERO	-	STATIC_UNWRITABLE	-	STATIC_UNWRITABLE	CMQ_REQUEST_COMPOSER	REJECT	-	-	0	cmq_sqe_qpc_create_request
cmq_sqe_qpc_create_request	CMQ_SQE	QPC_CREATE	REQUEST	53	6	20	RESERVED_ZERO	-	STATIC_UNWRITABLE	-	STATIC_UNWRITABLE	CMQ_REQUEST_COMPOSER	REJECT	-	-	0	cmq_sqe_qpc_create_request
cmq_sqe_qpc_create_request	CMQ_SQE	QPC_CREATE	REQUEST	53	6	21	RESERVED_ZERO	-	STATIC_UNWRITABLE	-	STATIC_UNWRITABLE	CMQ_REQUEST_COMPOSER	REJECT	-	-	0	cmq_sqe_qpc_create_request
cmq_sqe_qpc_create_request	CMQ_SQE	QPC_CREATE	REQUEST	53	6	22	RESERVED_ZERO	-	STATIC_UNWRITABLE	-	STATIC_UNWRITABLE	CMQ_REQUEST_COMPOSER	REJECT	-	-	0	cmq_sqe_qpc_create_request
cmq_sqe_qpc_create_request	CMQ_SQE	QPC_CREATE	REQUEST	53	6	23	RESERVED_ZERO	-	STATIC_UNWRITABLE	-	STATIC_UNWRITABLE	CMQ_REQUEST_COMPOSER	REJECT	-	-	0	cmq_sqe_qpc_create_request
cmq_sqe_qpc_create_request	CMQ_SQE	QPC_CREATE	REQUEST	52	6	24	RESERVED_ZERO	-	STATIC_UNWRITABLE	-	STATIC_UNWRITABLE	CMQ_REQUEST_COMPOSER	REJECT	-	-	0	cmq_sqe_qpc_create_request
cmq_sqe_qpc_create_request	CMQ_SQE	QPC_CREATE	REQUEST	52	6	25	RESERVED_ZERO	-	STATIC_UNWRITABLE	-	STATIC_UNWRITABLE	CMQ_REQUEST_COMPOSER	REJECT	-	-	0	cmq_sqe_qpc_create_request
cmq_sqe_qpc_create_request	CMQ_SQE	QPC_CREATE	REQUEST	52	6	26	RESERVED_ZERO	-	STATIC_UNWRITABLE	-	STATIC_UNWRITABLE	CMQ_REQUEST_COMPOSER	REJECT	-	-	0	cmq_sqe_qpc_create_request
cmq_sqe_qpc_create_request	CMQ_SQE	QPC_CREATE	REQUEST	52	6	27	RESERVED_ZERO	-	STATIC_UNWRITABLE	-	STATIC_UNWRITABLE	CMQ_REQUEST_COMPOSER	REJECT	-	-	0	cmq_sqe_qpc_create_request
cmq_sqe_qpc_create_request	CMQ_SQE	QPC_CREATE	REQUEST	52	6	28	RESERVED_ZERO	-	STATIC_UNWRITABLE	-	STATIC_UNWRITABLE	CMQ_REQUEST_COMPOSER	REJECT	-	-	0	cmq_sqe_qpc_create_request
cmq_sqe_qpc_create_request	CMQ_SQE	QPC_CREATE	REQUEST	52	6	29	RESERVED_ZERO	-	STATIC_UNWRITABLE	-	STATIC_UNWRITABLE	CMQ_REQUEST_COMPOSER	REJECT	-	-	0	cmq_sqe_qpc_create_request
cmq_sqe_qpc_create_request	CMQ_SQE	QPC_CREATE	REQUEST	52	6	30	RESERVED_ZERO	-	STATIC_UNWRITABLE	-	STATIC_UNWRITABLE	CMQ_REQUEST_COMPOSER	REJECT	-	-	0	cmq_sqe_qpc_create_request
cmq_sqe_qpc_create_request	CMQ_SQE	QPC_CREATE	REQUEST	52	6	31	RESERVED_ZERO	-	STATIC_UNWRITABLE	-	STATIC_UNWRITABLE	CMQ_REQUEST_COMPOSER	REJECT	-	-	0	cmq_sqe_qpc_create_request
cmq_sqe_qpc_create_request	CMQ_SQE	QPC_CREATE	REQUEST	51	6	32	RESERVED_ZERO	-	STATIC_UNWRITABLE	-	STATIC_UNWRITABLE	CMQ_REQUEST_COMPOSER	REJECT	-	-	0	cmq_sqe_qpc_create_request
cmq_sqe_qpc_create_request	CMQ_SQE	QPC_CREATE	REQUEST	51	6	33	RESERVED_ZERO	-	STATIC_UNWRITABLE	-	STATIC_UNWRITABLE	CMQ_REQUEST_COMPOSER	REJECT	-	-	0	cmq_sqe_qpc_create_request
cmq_sqe_qpc_create_request	CMQ_SQE	QPC_CREATE	REQUEST	51	6	34	RESERVED_ZERO	-	STATIC_UNWRITABLE	-	STATIC_UNWRITABLE	CMQ_REQUEST_COMPOSER	REJECT	-	-	0	cmq_sqe_qpc_create_request
cmq_sqe_qpc_create_request	CMQ_SQE	QPC_CREATE	REQUEST	51	6	35	RESERVED_ZERO	-	STATIC_UNWRITABLE	-	STATIC_UNWRITABLE	CMQ_REQUEST_COMPOSER	REJECT	-	-	0	cmq_sqe_qpc_create_request
cmq_sqe_qpc_create_request	CMQ_SQE	QPC_CREATE	REQUEST	51	6	36	RESERVED_ZERO	-	STATIC_UNWRITABLE	-	STATIC_UNWRITABLE	CMQ_REQUEST_COMPOSER	REJECT	-	-	0	cmq_sqe_qpc_create_request
cmq_sqe_qpc_create_request	CMQ_SQE	QPC_CREATE	REQUEST	51	6	37	RESERVED_ZERO	-	STATIC_UNWRITABLE	-	STATIC_UNWRITABLE	CMQ_REQUEST_COMPOSER	REJECT	-	-	0	cmq_sqe_qpc_create_request
cmq_sqe_qpc_create_request	CMQ_SQE	QPC_CREATE	REQUEST	51	6	38	RESERVED_ZERO	-	STATIC_UNWRITABLE	-	STATIC_UNWRITABLE	CMQ_REQUEST_COMPOSER	REJECT	-	-	0	cmq_sqe_qpc_create_request
cmq_sqe_qpc_create_request	CMQ_SQE	QPC_CREATE	REQUEST	51	6	39	RESERVED_ZERO	-	STATIC_UNWRITABLE	-	STATIC_UNWRITABLE	CMQ_REQUEST_COMPOSER	REJECT	-	-	0	cmq_sqe_qpc_create_request
cmq_sqe_qpc_create_request	CMQ_SQE	QPC_CREATE	REQUEST	50	6	40	RESERVED_ZERO	-	STATIC_UNWRITABLE	-	STATIC_UNWRITABLE	CMQ_REQUEST_COMPOSER	REJECT	-	-	0	cmq_sqe_qpc_create_request
cmq_sqe_qpc_create_request	CMQ_SQE	QPC_CREATE	REQUEST	50	6	41	RESERVED_ZERO	-	STATIC_UNWRITABLE	-	STATIC_UNWRITABLE	CMQ_REQUEST_COMPOSER	REJECT	-	-	0	cmq_sqe_qpc_create_request
cmq_sqe_qpc_create_request	CMQ_SQE	QPC_CREATE	REQUEST	50	6	42	RESERVED_ZERO	-	STATIC_UNWRITABLE	-	STATIC_UNWRITABLE	CMQ_REQUEST_COMPOSER	REJECT	-	-	0	cmq_sqe_qpc_create_request
cmq_sqe_qpc_create_request	CMQ_SQE	QPC_CREATE	REQUEST	50	6	43	RESERVED_ZERO	-	STATIC_UNWRITABLE	-	STATIC_UNWRITABLE	CMQ_REQUEST_COMPOSER	REJECT	-	-	0	cmq_sqe_qpc_create_request
cmq_sqe_qpc_create_request	CMQ_SQE	QPC_CREATE	REQUEST	50	6	44	RESERVED_ZERO	-	STATIC_UNWRITABLE	-	STATIC_UNWRITABLE	CMQ_REQUEST_COMPOSER	REJECT	-	-	0	cmq_sqe_qpc_create_request
cmq_sqe_qpc_create_request	CMQ_SQE	QPC_CREATE	REQUEST	50	6	45	RESERVED_ZERO	-	STATIC_UNWRITABLE	-	STATIC_UNWRITABLE	CMQ_REQUEST_COMPOSER	REJECT	-	-	0	cmq_sqe_qpc_create_request
cmq_sqe_qpc_create_request	CMQ_SQE	QPC_CREATE	REQUEST	50	6	46	RESERVED_ZERO	-	STATIC_UNWRITABLE	-	STATIC_UNWRITABLE	CMQ_REQUEST_COMPOSER	REJECT	-	-	0	cmq_sqe_qpc_create_request
cmq_sqe_qpc_create_request	CMQ_SQE	QPC_CREATE	REQUEST	50	6	47	RESERVED_ZERO	-	STATIC_UNWRITABLE	-	STATIC_UNWRITABLE	CMQ_REQUEST_COMPOSER	REJECT	-	-	0	cmq_sqe_qpc_create_request
cmq_sqe_qpc_create_request	CMQ_SQE	QPC_CREATE	REQUEST	49	6	48	RESERVED_ZERO	-	STATIC_UNWRITABLE	-	STATIC_UNWRITABLE	CMQ_REQUEST_COMPOSER	REJECT	-	-	0	cmq_sqe_qpc_create_request
cmq_sqe_qpc_create_request	CMQ_SQE	QPC_CREATE	REQUEST	49	6	49	RESERVED_ZERO	-	STATIC_UNWRITABLE	-	STATIC_UNWRITABLE	CMQ_REQUEST_COMPOSER	REJECT	-	-	0	cmq_sqe_qpc_create_request
cmq_sqe_qpc_create_request	CMQ_SQE	QPC_CREATE	REQUEST	49	6	50	RESERVED_ZERO	-	STATIC_UNWRITABLE	-	STATIC_UNWRITABLE	CMQ_REQUEST_COMPOSER	REJECT	-	-	0	cmq_sqe_qpc_create_request
cmq_sqe_qpc_create_request	CMQ_SQE	QPC_CREATE	REQUEST	49	6	51	RESERVED_ZERO	-	STATIC_UNWRITABLE	-	STATIC_UNWRITABLE	CMQ_REQUEST_COMPOSER	REJECT	-	-	0	cmq_sqe_qpc_create_request
cmq_sqe_qpc_create_request	CMQ_SQE	QPC_CREATE	REQUEST	49	6	52	RESERVED_ZERO	-	STATIC_UNWRITABLE	-	STATIC_UNWRITABLE	CMQ_REQUEST_COMPOSER	REJECT	-	-	0	cmq_sqe_qpc_create_request
cmq_sqe_qpc_create_request	CMQ_SQE	QPC_CREATE	REQUEST	49	6	53	RESERVED_ZERO	-	STATIC_UNWRITABLE	-	STATIC_UNWRITABLE	CMQ_REQUEST_COMPOSER	REJECT	-	-	0	cmq_sqe_qpc_create_request
cmq_sqe_qpc_create_request	CMQ_SQE	QPC_CREATE	REQUEST	49	6	54	RESERVED_ZERO	-	STATIC_UNWRITABLE	-	STATIC_UNWRITABLE	CMQ_REQUEST_COMPOSER	REJECT	-	-	0	cmq_sqe_qpc_create_request
cmq_sqe_qpc_create_request	CMQ_SQE	QPC_CREATE	REQUEST	49	6	55	RESERVED_ZERO	-	STATIC_UNWRITABLE	-	STATIC_UNWRITABLE	CMQ_REQUEST_COMPOSER	REJECT	-	-	0	cmq_sqe_qpc_create_request
cmq_sqe_qpc_create_request	CMQ_SQE	QPC_CREATE	REQUEST	48	6	56	RESERVED_ZERO	-	STATIC_UNWRITABLE	-	STATIC_UNWRITABLE	CMQ_REQUEST_COMPOSER	REJECT	-	-	0	cmq_sqe_qpc_create_request
cmq_sqe_qpc_create_request	CMQ_SQE	QPC_CREATE	REQUEST	48	6	57	RESERVED_ZERO	-	STATIC_UNWRITABLE	-	STATIC_UNWRITABLE	CMQ_REQUEST_COMPOSER	REJECT	-	-	0	cmq_sqe_qpc_create_request
cmq_sqe_qpc_create_request	CMQ_SQE	QPC_CREATE	REQUEST	48	6	58	RESERVED_ZERO	-	STATIC_UNWRITABLE	-	STATIC_UNWRITABLE	CMQ_REQUEST_COMPOSER	REJECT	-	-	0	cmq_sqe_qpc_create_request
cmq_sqe_qpc_create_request	CMQ_SQE	QPC_CREATE	REQUEST	48	6	59	RESERVED_ZERO	-	STATIC_UNWRITABLE	-	STATIC_UNWRITABLE	CMQ_REQUEST_COMPOSER	REJECT	-	-	0	cmq_sqe_qpc_create_request
cmq_sqe_qpc_create_request	CMQ_SQE	QPC_CREATE	REQUEST	48	6	60	RESERVED_ZERO	-	STATIC_UNWRITABLE	-	STATIC_UNWRITABLE	CMQ_REQUEST_COMPOSER	REJECT	-	-	0	cmq_sqe_qpc_create_request
cmq_sqe_qpc_create_request	CMQ_SQE	QPC_CREATE	REQUEST	48	6	61	RESERVED_ZERO	-	STATIC_UNWRITABLE	-	STATIC_UNWRITABLE	CMQ_REQUEST_COMPOSER	REJECT	-	-	0	cmq_sqe_qpc_create_request
cmq_sqe_qpc_create_request	CMQ_SQE	QPC_CREATE	REQUEST	48	6	62	RESERVED_ZERO	-	STATIC_UNWRITABLE	-	STATIC_UNWRITABLE	CMQ_REQUEST_COMPOSER	REJECT	-	-	0	cmq_sqe_qpc_create_request
cmq_sqe_qpc_create_request	CMQ_SQE	QPC_CREATE	REQUEST	48	6	63	RESERVED_ZERO	-	STATIC_UNWRITABLE	-	STATIC_UNWRITABLE	CMQ_REQUEST_COMPOSER	REJECT	-	-	0	cmq_sqe_qpc_create_request
cmq_sqe_qpc_create_request	CMQ_SQE	QPC_CREATE	REQUEST	63	7	0	RESERVED_ZERO	-	STATIC_UNWRITABLE	-	STATIC_UNWRITABLE	CMQ_REQUEST_COMPOSER	REJECT	-	-	0	cmq_sqe_qpc_create_request
cmq_sqe_qpc_create_request	CMQ_SQE	QPC_CREATE	REQUEST	63	7	1	RESERVED_ZERO	-	STATIC_UNWRITABLE	-	STATIC_UNWRITABLE	CMQ_REQUEST_COMPOSER	REJECT	-	-	0	cmq_sqe_qpc_create_request
cmq_sqe_qpc_create_request	CMQ_SQE	QPC_CREATE	REQUEST	63	7	2	RESERVED_ZERO	-	STATIC_UNWRITABLE	-	STATIC_UNWRITABLE	CMQ_REQUEST_COMPOSER	REJECT	-	-	0	cmq_sqe_qpc_create_request
cmq_sqe_qpc_create_request	CMQ_SQE	QPC_CREATE	REQUEST	63	7	3	RESERVED_ZERO	-	STATIC_UNWRITABLE	-	STATIC_UNWRITABLE	CMQ_REQUEST_COMPOSER	REJECT	-	-	0	cmq_sqe_qpc_create_request
cmq_sqe_qpc_create_request	CMQ_SQE	QPC_CREATE	REQUEST	63	7	4	RESERVED_ZERO	-	STATIC_UNWRITABLE	-	STATIC_UNWRITABLE	CMQ_REQUEST_COMPOSER	REJECT	-	-	0	cmq_sqe_qpc_create_request
cmq_sqe_qpc_create_request	CMQ_SQE	QPC_CREATE	REQUEST	63	7	5	RESERVED_ZERO	-	STATIC_UNWRITABLE	-	STATIC_UNWRITABLE	CMQ_REQUEST_COMPOSER	REJECT	-	-	0	cmq_sqe_qpc_create_request
cmq_sqe_qpc_create_request	CMQ_SQE	QPC_CREATE	REQUEST	63	7	6	RESERVED_ZERO	-	STATIC_UNWRITABLE	-	STATIC_UNWRITABLE	CMQ_REQUEST_COMPOSER	REJECT	-	-	0	cmq_sqe_qpc_create_request
cmq_sqe_qpc_create_request	CMQ_SQE	QPC_CREATE	REQUEST	63	7	7	RESERVED_ZERO	-	STATIC_UNWRITABLE	-	STATIC_UNWRITABLE	CMQ_REQUEST_COMPOSER	REJECT	-	-	0	cmq_sqe_qpc_create_request
cmq_sqe_qpc_create_request	CMQ_SQE	QPC_CREATE	REQUEST	62	7	8	RESERVED_ZERO	-	STATIC_UNWRITABLE	-	STATIC_UNWRITABLE	CMQ_REQUEST_COMPOSER	REJECT	-	-	0	cmq_sqe_qpc_create_request
cmq_sqe_qpc_create_request	CMQ_SQE	QPC_CREATE	REQUEST	62	7	9	RESERVED_ZERO	-	STATIC_UNWRITABLE	-	STATIC_UNWRITABLE	CMQ_REQUEST_COMPOSER	REJECT	-	-	0	cmq_sqe_qpc_create_request
cmq_sqe_qpc_create_request	CMQ_SQE	QPC_CREATE	REQUEST	62	7	10	RESERVED_ZERO	-	STATIC_UNWRITABLE	-	STATIC_UNWRITABLE	CMQ_REQUEST_COMPOSER	REJECT	-	-	0	cmq_sqe_qpc_create_request
cmq_sqe_qpc_create_request	CMQ_SQE	QPC_CREATE	REQUEST	62	7	11	RESERVED_ZERO	-	STATIC_UNWRITABLE	-	STATIC_UNWRITABLE	CMQ_REQUEST_COMPOSER	REJECT	-	-	0	cmq_sqe_qpc_create_request
cmq_sqe_qpc_create_request	CMQ_SQE	QPC_CREATE	REQUEST	62	7	12	RESERVED_ZERO	-	STATIC_UNWRITABLE	-	STATIC_UNWRITABLE	CMQ_REQUEST_COMPOSER	REJECT	-	-	0	cmq_sqe_qpc_create_request
cmq_sqe_qpc_create_request	CMQ_SQE	QPC_CREATE	REQUEST	62	7	13	RESERVED_ZERO	-	STATIC_UNWRITABLE	-	STATIC_UNWRITABLE	CMQ_REQUEST_COMPOSER	REJECT	-	-	0	cmq_sqe_qpc_create_request
cmq_sqe_qpc_create_request	CMQ_SQE	QPC_CREATE	REQUEST	62	7	14	RESERVED_ZERO	-	STATIC_UNWRITABLE	-	STATIC_UNWRITABLE	CMQ_REQUEST_COMPOSER	REJECT	-	-	0	cmq_sqe_qpc_create_request
cmq_sqe_qpc_create_request	CMQ_SQE	QPC_CREATE	REQUEST	62	7	15	RESERVED_ZERO	-	STATIC_UNWRITABLE	-	STATIC_UNWRITABLE	CMQ_REQUEST_COMPOSER	REJECT	-	-	0	cmq_sqe_qpc_create_request
cmq_sqe_qpc_create_request	CMQ_SQE	QPC_CREATE	REQUEST	61	7	16	RESERVED_ZERO	-	STATIC_UNWRITABLE	-	STATIC_UNWRITABLE	CMQ_REQUEST_COMPOSER	REJECT	-	-	0	cmq_sqe_qpc_create_request
cmq_sqe_qpc_create_request	CMQ_SQE	QPC_CREATE	REQUEST	61	7	17	RESERVED_ZERO	-	STATIC_UNWRITABLE	-	STATIC_UNWRITABLE	CMQ_REQUEST_COMPOSER	REJECT	-	-	0	cmq_sqe_qpc_create_request
cmq_sqe_qpc_create_request	CMQ_SQE	QPC_CREATE	REQUEST	61	7	18	RESERVED_ZERO	-	STATIC_UNWRITABLE	-	STATIC_UNWRITABLE	CMQ_REQUEST_COMPOSER	REJECT	-	-	0	cmq_sqe_qpc_create_request
cmq_sqe_qpc_create_request	CMQ_SQE	QPC_CREATE	REQUEST	61	7	19	RESERVED_ZERO	-	STATIC_UNWRITABLE	-	STATIC_UNWRITABLE	CMQ_REQUEST_COMPOSER	REJECT	-	-	0	cmq_sqe_qpc_create_request
cmq_sqe_qpc_create_request	CMQ_SQE	QPC_CREATE	REQUEST	61	7	20	RESERVED_ZERO	-	STATIC_UNWRITABLE	-	STATIC_UNWRITABLE	CMQ_REQUEST_COMPOSER	REJECT	-	-	0	cmq_sqe_qpc_create_request
cmq_sqe_qpc_create_request	CMQ_SQE	QPC_CREATE	REQUEST	61	7	21	RESERVED_ZERO	-	STATIC_UNWRITABLE	-	STATIC_UNWRITABLE	CMQ_REQUEST_COMPOSER	REJECT	-	-	0	cmq_sqe_qpc_create_request
cmq_sqe_qpc_create_request	CMQ_SQE	QPC_CREATE	REQUEST	61	7	22	RESERVED_ZERO	-	STATIC_UNWRITABLE	-	STATIC_UNWRITABLE	CMQ_REQUEST_COMPOSER	REJECT	-	-	0	cmq_sqe_qpc_create_request
cmq_sqe_qpc_create_request	CMQ_SQE	QPC_CREATE	REQUEST	61	7	23	RESERVED_ZERO	-	STATIC_UNWRITABLE	-	STATIC_UNWRITABLE	CMQ_REQUEST_COMPOSER	REJECT	-	-	0	cmq_sqe_qpc_create_request
cmq_sqe_qpc_create_request	CMQ_SQE	QPC_CREATE	REQUEST	60	7	24	RESERVED_ZERO	-	STATIC_UNWRITABLE	-	STATIC_UNWRITABLE	CMQ_REQUEST_COMPOSER	REJECT	-	-	0	cmq_sqe_qpc_create_request
cmq_sqe_qpc_create_request	CMQ_SQE	QPC_CREATE	REQUEST	60	7	25	RESERVED_ZERO	-	STATIC_UNWRITABLE	-	STATIC_UNWRITABLE	CMQ_REQUEST_COMPOSER	REJECT	-	-	0	cmq_sqe_qpc_create_request
cmq_sqe_qpc_create_request	CMQ_SQE	QPC_CREATE	REQUEST	60	7	26	RESERVED_ZERO	-	STATIC_UNWRITABLE	-	STATIC_UNWRITABLE	CMQ_REQUEST_COMPOSER	REJECT	-	-	0	cmq_sqe_qpc_create_request
cmq_sqe_qpc_create_request	CMQ_SQE	QPC_CREATE	REQUEST	60	7	27	RESERVED_ZERO	-	STATIC_UNWRITABLE	-	STATIC_UNWRITABLE	CMQ_REQUEST_COMPOSER	REJECT	-	-	0	cmq_sqe_qpc_create_request
cmq_sqe_qpc_create_request	CMQ_SQE	QPC_CREATE	REQUEST	60	7	28	RESERVED_ZERO	-	STATIC_UNWRITABLE	-	STATIC_UNWRITABLE	CMQ_REQUEST_COMPOSER	REJECT	-	-	0	cmq_sqe_qpc_create_request
cmq_sqe_qpc_create_request	CMQ_SQE	QPC_CREATE	REQUEST	60	7	29	RESERVED_ZERO	-	STATIC_UNWRITABLE	-	STATIC_UNWRITABLE	CMQ_REQUEST_COMPOSER	REJECT	-	-	0	cmq_sqe_qpc_create_request
cmq_sqe_qpc_create_request	CMQ_SQE	QPC_CREATE	REQUEST	60	7	30	RESERVED_ZERO	-	STATIC_UNWRITABLE	-	STATIC_UNWRITABLE	CMQ_REQUEST_COMPOSER	REJECT	-	-	0	cmq_sqe_qpc_create_request
cmq_sqe_qpc_create_request	CMQ_SQE	QPC_CREATE	REQUEST	60	7	31	RESERVED_ZERO	-	STATIC_UNWRITABLE	-	STATIC_UNWRITABLE	CMQ_REQUEST_COMPOSER	REJECT	-	-	0	cmq_sqe_qpc_create_request
cmq_sqe_qpc_create_request	CMQ_SQE	QPC_CREATE	REQUEST	59	7	32	RESERVED_ZERO	-	STATIC_UNWRITABLE	-	STATIC_UNWRITABLE	CMQ_REQUEST_COMPOSER	REJECT	-	-	0	cmq_sqe_qpc_create_request
cmq_sqe_qpc_create_request	CMQ_SQE	QPC_CREATE	REQUEST	59	7	33	RESERVED_ZERO	-	STATIC_UNWRITABLE	-	STATIC_UNWRITABLE	CMQ_REQUEST_COMPOSER	REJECT	-	-	0	cmq_sqe_qpc_create_request
cmq_sqe_qpc_create_request	CMQ_SQE	QPC_CREATE	REQUEST	59	7	34	RESERVED_ZERO	-	STATIC_UNWRITABLE	-	STATIC_UNWRITABLE	CMQ_REQUEST_COMPOSER	REJECT	-	-	0	cmq_sqe_qpc_create_request
cmq_sqe_qpc_create_request	CMQ_SQE	QPC_CREATE	REQUEST	59	7	35	RESERVED_ZERO	-	STATIC_UNWRITABLE	-	STATIC_UNWRITABLE	CMQ_REQUEST_COMPOSER	REJECT	-	-	0	cmq_sqe_qpc_create_request
cmq_sqe_qpc_create_request	CMQ_SQE	QPC_CREATE	REQUEST	59	7	36	RESERVED_ZERO	-	STATIC_UNWRITABLE	-	STATIC_UNWRITABLE	CMQ_REQUEST_COMPOSER	REJECT	-	-	0	cmq_sqe_qpc_create_request
cmq_sqe_qpc_create_request	CMQ_SQE	QPC_CREATE	REQUEST	59	7	37	RESERVED_ZERO	-	STATIC_UNWRITABLE	-	STATIC_UNWRITABLE	CMQ_REQUEST_COMPOSER	REJECT	-	-	0	cmq_sqe_qpc_create_request
cmq_sqe_qpc_create_request	CMQ_SQE	QPC_CREATE	REQUEST	59	7	38	RESERVED_ZERO	-	STATIC_UNWRITABLE	-	STATIC_UNWRITABLE	CMQ_REQUEST_COMPOSER	REJECT	-	-	0	cmq_sqe_qpc_create_request
cmq_sqe_qpc_create_request	CMQ_SQE	QPC_CREATE	REQUEST	59	7	39	RESERVED_ZERO	-	STATIC_UNWRITABLE	-	STATIC_UNWRITABLE	CMQ_REQUEST_COMPOSER	REJECT	-	-	0	cmq_sqe_qpc_create_request
cmq_sqe_qpc_create_request	CMQ_SQE	QPC_CREATE	REQUEST	58	7	40	RESERVED_ZERO	-	STATIC_UNWRITABLE	-	STATIC_UNWRITABLE	CMQ_REQUEST_COMPOSER	REJECT	-	-	0	cmq_sqe_qpc_create_request
cmq_sqe_qpc_create_request	CMQ_SQE	QPC_CREATE	REQUEST	58	7	41	RESERVED_ZERO	-	STATIC_UNWRITABLE	-	STATIC_UNWRITABLE	CMQ_REQUEST_COMPOSER	REJECT	-	-	0	cmq_sqe_qpc_create_request
cmq_sqe_qpc_create_request	CMQ_SQE	QPC_CREATE	REQUEST	58	7	42	RESERVED_ZERO	-	STATIC_UNWRITABLE	-	STATIC_UNWRITABLE	CMQ_REQUEST_COMPOSER	REJECT	-	-	0	cmq_sqe_qpc_create_request
cmq_sqe_qpc_create_request	CMQ_SQE	QPC_CREATE	REQUEST	58	7	43	RESERVED_ZERO	-	STATIC_UNWRITABLE	-	STATIC_UNWRITABLE	CMQ_REQUEST_COMPOSER	REJECT	-	-	0	cmq_sqe_qpc_create_request
cmq_sqe_qpc_create_request	CMQ_SQE	QPC_CREATE	REQUEST	58	7	44	RESERVED_ZERO	-	STATIC_UNWRITABLE	-	STATIC_UNWRITABLE	CMQ_REQUEST_COMPOSER	REJECT	-	-	0	cmq_sqe_qpc_create_request
cmq_sqe_qpc_create_request	CMQ_SQE	QPC_CREATE	REQUEST	58	7	45	RESERVED_ZERO	-	STATIC_UNWRITABLE	-	STATIC_UNWRITABLE	CMQ_REQUEST_COMPOSER	REJECT	-	-	0	cmq_sqe_qpc_create_request
cmq_sqe_qpc_create_request	CMQ_SQE	QPC_CREATE	REQUEST	58	7	46	RESERVED_ZERO	-	STATIC_UNWRITABLE	-	STATIC_UNWRITABLE	CMQ_REQUEST_COMPOSER	REJECT	-	-	0	cmq_sqe_qpc_create_request
cmq_sqe_qpc_create_request	CMQ_SQE	QPC_CREATE	REQUEST	58	7	47	RESERVED_ZERO	-	STATIC_UNWRITABLE	-	STATIC_UNWRITABLE	CMQ_REQUEST_COMPOSER	REJECT	-	-	0	cmq_sqe_qpc_create_request
cmq_sqe_qpc_create_request	CMQ_SQE	QPC_CREATE	REQUEST	57	7	48	RESERVED_ZERO	-	STATIC_UNWRITABLE	-	STATIC_UNWRITABLE	CMQ_REQUEST_COMPOSER	REJECT	-	-	0	cmq_sqe_qpc_create_request
cmq_sqe_qpc_create_request	CMQ_SQE	QPC_CREATE	REQUEST	57	7	49	RESERVED_ZERO	-	STATIC_UNWRITABLE	-	STATIC_UNWRITABLE	CMQ_REQUEST_COMPOSER	REJECT	-	-	0	cmq_sqe_qpc_create_request
cmq_sqe_qpc_create_request	CMQ_SQE	QPC_CREATE	REQUEST	57	7	50	RESERVED_ZERO	-	STATIC_UNWRITABLE	-	STATIC_UNWRITABLE	CMQ_REQUEST_COMPOSER	REJECT	-	-	0	cmq_sqe_qpc_create_request
cmq_sqe_qpc_create_request	CMQ_SQE	QPC_CREATE	REQUEST	57	7	51	RESERVED_ZERO	-	STATIC_UNWRITABLE	-	STATIC_UNWRITABLE	CMQ_REQUEST_COMPOSER	REJECT	-	-	0	cmq_sqe_qpc_create_request
cmq_sqe_qpc_create_request	CMQ_SQE	QPC_CREATE	REQUEST	57	7	52	RESERVED_ZERO	-	STATIC_UNWRITABLE	-	STATIC_UNWRITABLE	CMQ_REQUEST_COMPOSER	REJECT	-	-	0	cmq_sqe_qpc_create_request
cmq_sqe_qpc_create_request	CMQ_SQE	QPC_CREATE	REQUEST	57	7	53	RESERVED_ZERO	-	STATIC_UNWRITABLE	-	STATIC_UNWRITABLE	CMQ_REQUEST_COMPOSER	REJECT	-	-	0	cmq_sqe_qpc_create_request
cmq_sqe_qpc_create_request	CMQ_SQE	QPC_CREATE	REQUEST	57	7	54	RESERVED_ZERO	-	STATIC_UNWRITABLE	-	STATIC_UNWRITABLE	CMQ_REQUEST_COMPOSER	REJECT	-	-	0	cmq_sqe_qpc_create_request
cmq_sqe_qpc_create_request	CMQ_SQE	QPC_CREATE	REQUEST	57	7	55	RESERVED_ZERO	-	STATIC_UNWRITABLE	-	STATIC_UNWRITABLE	CMQ_REQUEST_COMPOSER	REJECT	-	-	0	cmq_sqe_qpc_create_request
cmq_sqe_qpc_create_request	CMQ_SQE	QPC_CREATE	REQUEST	56	7	56	RESERVED_ZERO	-	STATIC_UNWRITABLE	-	STATIC_UNWRITABLE	CMQ_REQUEST_COMPOSER	REJECT	-	-	0	cmq_sqe_qpc_create_request
cmq_sqe_qpc_create_request	CMQ_SQE	QPC_CREATE	REQUEST	56	7	57	RESERVED_ZERO	-	STATIC_UNWRITABLE	-	STATIC_UNWRITABLE	CMQ_REQUEST_COMPOSER	REJECT	-	-	0	cmq_sqe_qpc_create_request
cmq_sqe_qpc_create_request	CMQ_SQE	QPC_CREATE	REQUEST	56	7	58	RESERVED_ZERO	-	STATIC_UNWRITABLE	-	STATIC_UNWRITABLE	CMQ_REQUEST_COMPOSER	REJECT	-	-	0	cmq_sqe_qpc_create_request
cmq_sqe_qpc_create_request	CMQ_SQE	QPC_CREATE	REQUEST	56	7	59	RESERVED_ZERO	-	STATIC_UNWRITABLE	-	STATIC_UNWRITABLE	CMQ_REQUEST_COMPOSER	REJECT	-	-	0	cmq_sqe_qpc_create_request
cmq_sqe_qpc_create_request	CMQ_SQE	QPC_CREATE	REQUEST	56	7	60	RESERVED_ZERO	-	STATIC_UNWRITABLE	-	STATIC_UNWRITABLE	CMQ_REQUEST_COMPOSER	REJECT	-	-	0	cmq_sqe_qpc_create_request
cmq_sqe_qpc_create_request	CMQ_SQE	QPC_CREATE	REQUEST	56	7	61	RESERVED_ZERO	-	STATIC_UNWRITABLE	-	STATIC_UNWRITABLE	CMQ_REQUEST_COMPOSER	REJECT	-	-	0	cmq_sqe_qpc_create_request
cmq_sqe_qpc_create_request	CMQ_SQE	QPC_CREATE	REQUEST	56	7	62	RESERVED_ZERO	-	STATIC_UNWRITABLE	-	STATIC_UNWRITABLE	CMQ_REQUEST_COMPOSER	REJECT	-	-	0	cmq_sqe_qpc_create_request
cmq_sqe_qpc_create_request	CMQ_SQE	QPC_CREATE	REQUEST	56	7	63	RESERVED_ZERO	-	STATIC_UNWRITABLE	-	STATIC_UNWRITABLE	CMQ_REQUEST_COMPOSER	REJECT	-	-	0	cmq_sqe_qpc_create_request
cmq_cqe_qpc_create_response	CMQ_CQE	QPC_CREATE	RESPONSE	7	0	0	RESERVED_ZERO	-	RAW_DECODE_MUTATION	-	READY_OK	CMQ_COMPLETION_CODEC	REJECT	CODEC_ERROR	0	1	cmq_cqe_qpc_create_response
cmq_cqe_qpc_create_response	CMQ_CQE	QPC_CREATE	RESPONSE	7	0	1	RESERVED_ZERO	-	RAW_DECODE_MUTATION	-	READY_OK	CMQ_COMPLETION_CODEC	REJECT	CODEC_ERROR	0	1	cmq_cqe_qpc_create_response
cmq_cqe_qpc_create_response	CMQ_CQE	QPC_CREATE	RESPONSE	7	0	2	RESERVED_ZERO	-	RAW_DECODE_MUTATION	-	READY_OK	CMQ_COMPLETION_CODEC	REJECT	CODEC_ERROR	0	1	cmq_cqe_qpc_create_response
cmq_cqe_qpc_create_response	CMQ_CQE	QPC_CREATE	RESPONSE	7	0	3	RESERVED_ZERO	-	RAW_DECODE_MUTATION	-	READY_OK	CMQ_COMPLETION_CODEC	REJECT	CODEC_ERROR	0	1	cmq_cqe_qpc_create_response
cmq_cqe_qpc_create_response	CMQ_CQE	QPC_CREATE	RESPONSE	7	0	4	RESERVED_ZERO	-	RAW_DECODE_MUTATION	-	READY_OK	CMQ_COMPLETION_CODEC	REJECT	CODEC_ERROR	0	1	cmq_cqe_qpc_create_response
cmq_cqe_qpc_create_response	CMQ_CQE	QPC_CREATE	RESPONSE	7	0	5	RESERVED_ZERO	-	RAW_DECODE_MUTATION	-	READY_OK	CMQ_COMPLETION_CODEC	REJECT	CODEC_ERROR	0	1	cmq_cqe_qpc_create_response
cmq_cqe_qpc_create_response	CMQ_CQE	QPC_CREATE	RESPONSE	7	0	6	RESERVED_ZERO	-	RAW_DECODE_MUTATION	-	READY_OK	CMQ_COMPLETION_CODEC	REJECT	CODEC_ERROR	0	1	cmq_cqe_qpc_create_response
cmq_cqe_qpc_create_response	CMQ_CQE	QPC_CREATE	RESPONSE	7	0	7	RESERVED_ZERO	-	RAW_DECODE_MUTATION	-	READY_OK	CMQ_COMPLETION_CODEC	REJECT	CODEC_ERROR	0	1	cmq_cqe_qpc_create_response
cmq_cqe_qpc_create_response	CMQ_CQE	QPC_CREATE	RESPONSE	6	0	8	RESERVED_ZERO	-	RAW_DECODE_MUTATION	-	READY_OK	CMQ_COMPLETION_CODEC	REJECT	CODEC_ERROR	0	1	cmq_cqe_qpc_create_response
cmq_cqe_qpc_create_response	CMQ_CQE	QPC_CREATE	RESPONSE	6	0	9	RESERVED_ZERO	-	RAW_DECODE_MUTATION	-	READY_OK	CMQ_COMPLETION_CODEC	REJECT	CODEC_ERROR	0	1	cmq_cqe_qpc_create_response
cmq_cqe_qpc_create_response	CMQ_CQE	QPC_CREATE	RESPONSE	6	0	10	RESERVED_ZERO	-	RAW_DECODE_MUTATION	-	READY_OK	CMQ_COMPLETION_CODEC	REJECT	CODEC_ERROR	0	1	cmq_cqe_qpc_create_response
cmq_cqe_qpc_create_response	CMQ_CQE	QPC_CREATE	RESPONSE	6	0	11	RESERVED_ZERO	-	RAW_DECODE_MUTATION	-	READY_OK	CMQ_COMPLETION_CODEC	REJECT	CODEC_ERROR	0	1	cmq_cqe_qpc_create_response
cmq_cqe_qpc_create_response	CMQ_CQE	QPC_CREATE	RESPONSE	6	0	12	RESERVED_ZERO	-	RAW_DECODE_MUTATION	-	READY_OK	CMQ_COMPLETION_CODEC	REJECT	CODEC_ERROR	0	1	cmq_cqe_qpc_create_response
cmq_cqe_qpc_create_response	CMQ_CQE	QPC_CREATE	RESPONSE	6	0	13	RESERVED_ZERO	-	RAW_DECODE_MUTATION	-	READY_OK	CMQ_COMPLETION_CODEC	REJECT	CODEC_ERROR	0	1	cmq_cqe_qpc_create_response
cmq_cqe_qpc_create_response	CMQ_CQE	QPC_CREATE	RESPONSE	6	0	14	RESERVED_ZERO	-	RAW_DECODE_MUTATION	-	READY_OK	CMQ_COMPLETION_CODEC	REJECT	CODEC_ERROR	0	1	cmq_cqe_qpc_create_response
cmq_cqe_qpc_create_response	CMQ_CQE	QPC_CREATE	RESPONSE	6	0	15	RESERVED_ZERO	-	RAW_DECODE_MUTATION	-	READY_OK	CMQ_COMPLETION_CODEC	REJECT	CODEC_ERROR	0	1	cmq_cqe_qpc_create_response
cmq_cqe_qpc_create_response	CMQ_CQE	QPC_CREATE	RESPONSE	5	0	16	RESERVED_ZERO	-	RAW_DECODE_MUTATION	-	READY_OK	CMQ_COMPLETION_CODEC	REJECT	CODEC_ERROR	0	1	cmq_cqe_qpc_create_response
cmq_cqe_qpc_create_response	CMQ_CQE	QPC_CREATE	RESPONSE	5	0	17	RESERVED_ZERO	-	RAW_DECODE_MUTATION	-	READY_OK	CMQ_COMPLETION_CODEC	REJECT	CODEC_ERROR	0	1	cmq_cqe_qpc_create_response
cmq_cqe_qpc_create_response	CMQ_CQE	QPC_CREATE	RESPONSE	5	0	18	RESERVED_ZERO	-	RAW_DECODE_MUTATION	-	READY_OK	CMQ_COMPLETION_CODEC	REJECT	CODEC_ERROR	0	1	cmq_cqe_qpc_create_response
cmq_cqe_qpc_create_response	CMQ_CQE	QPC_CREATE	RESPONSE	5	0	19	RESERVED_ZERO	-	RAW_DECODE_MUTATION	-	READY_OK	CMQ_COMPLETION_CODEC	REJECT	CODEC_ERROR	0	1	cmq_cqe_qpc_create_response
cmq_cqe_qpc_create_response	CMQ_CQE	QPC_CREATE	RESPONSE	5	0	20	RESERVED_ZERO	-	RAW_DECODE_MUTATION	-	READY_OK	CMQ_COMPLETION_CODEC	REJECT	CODEC_ERROR	0	1	cmq_cqe_qpc_create_response
cmq_cqe_qpc_create_response	CMQ_CQE	QPC_CREATE	RESPONSE	5	0	21	RESERVED_ZERO	-	RAW_DECODE_MUTATION	-	READY_OK	CMQ_COMPLETION_CODEC	REJECT	CODEC_ERROR	0	1	cmq_cqe_qpc_create_response
cmq_cqe_qpc_create_response	CMQ_CQE	QPC_CREATE	RESPONSE	5	0	22	RESERVED_ZERO	-	RAW_DECODE_MUTATION	-	READY_OK	CMQ_COMPLETION_CODEC	REJECT	CODEC_ERROR	0	1	cmq_cqe_qpc_create_response
cmq_cqe_qpc_create_response	CMQ_CQE	QPC_CREATE	RESPONSE	5	0	23	RESERVED_ZERO	-	RAW_DECODE_MUTATION	-	READY_OK	CMQ_COMPLETION_CODEC	REJECT	CODEC_ERROR	0	1	cmq_cqe_qpc_create_response
cmq_cqe_qpc_create_response	CMQ_CQE	QPC_CREATE	RESPONSE	4	0	24	HW_TYPED	ecode	RAW_DECODE_MUTATION	-	ECODE_ERROR	CMQ_COMPLETION_CODEC	PUBLISH_ECODE	OK	1	1	cmq_cqe_qpc_create_response
cmq_cqe_qpc_create_response	CMQ_CQE	QPC_CREATE	RESPONSE	4	0	25	HW_TYPED	ecode	RAW_DECODE_MUTATION	-	ECODE_ERROR	CMQ_COMPLETION_CODEC	PUBLISH_ECODE	OK	1	1	cmq_cqe_qpc_create_response
cmq_cqe_qpc_create_response	CMQ_CQE	QPC_CREATE	RESPONSE	4	0	26	HW_TYPED	ecode	RAW_DECODE_MUTATION	-	ECODE_ERROR	CMQ_COMPLETION_CODEC	PUBLISH_ECODE	OK	1	1	cmq_cqe_qpc_create_response
cmq_cqe_qpc_create_response	CMQ_CQE	QPC_CREATE	RESPONSE	4	0	27	HW_TYPED	ecode	RAW_DECODE_MUTATION	-	ECODE_ERROR	CMQ_COMPLETION_CODEC	PUBLISH_ECODE	OK	1	1	cmq_cqe_qpc_create_response
cmq_cqe_qpc_create_response	CMQ_CQE	QPC_CREATE	RESPONSE	4	0	28	HW_TYPED	ecode	RAW_DECODE_MUTATION	-	ECODE_ERROR	CMQ_COMPLETION_CODEC	PUBLISH_ECODE	OK	1	1	cmq_cqe_qpc_create_response
cmq_cqe_qpc_create_response	CMQ_CQE	QPC_CREATE	RESPONSE	4	0	29	HW_TYPED	ecode	RAW_DECODE_MUTATION	-	ECODE_ERROR	CMQ_COMPLETION_CODEC	PUBLISH_ECODE	OK	1	1	cmq_cqe_qpc_create_response
cmq_cqe_qpc_create_response	CMQ_CQE	QPC_CREATE	RESPONSE	4	0	30	HW_TYPED	ecode	RAW_DECODE_MUTATION	-	ECODE_ERROR	CMQ_COMPLETION_CODEC	PUBLISH_ECODE	OK	1	1	cmq_cqe_qpc_create_response
cmq_cqe_qpc_create_response	CMQ_CQE	QPC_CREATE	RESPONSE	4	0	31	HW_TYPED	ecode	RAW_DECODE_MUTATION	-	ECODE_ERROR	CMQ_COMPLETION_CODEC	PUBLISH_ECODE	OK	1	1	cmq_cqe_qpc_create_response
cmq_cqe_qpc_create_response	CMQ_CQE	QPC_CREATE	RESPONSE	3	0	32	HW_TYPED	opcode	RAW_DECODE_MUTATION	-	OPCODE_MISMATCH	CMQ_COMPLETION_CODEC	ACCEPT	OK	1	1	cmq_cqe_qpc_create_response
cmq_cqe_qpc_create_response	CMQ_CQE	QPC_CREATE	RESPONSE	3	0	33	HW_TYPED	opcode	RAW_DECODE_MUTATION	-	OPCODE_MISMATCH	CMQ_COMPLETION_CODEC	ACCEPT	OK	1	1	cmq_cqe_qpc_create_response
cmq_cqe_qpc_create_response	CMQ_CQE	QPC_CREATE	RESPONSE	3	0	34	HW_TYPED	opcode	RAW_DECODE_MUTATION	-	OPCODE_MISMATCH	CMQ_COMPLETION_CODEC	ACCEPT	OK	1	1	cmq_cqe_qpc_create_response
cmq_cqe_qpc_create_response	CMQ_CQE	QPC_CREATE	RESPONSE	3	0	35	HW_TYPED	opcode	RAW_DECODE_MUTATION	-	OPCODE_MISMATCH	CMQ_COMPLETION_CODEC	REJECT	UNSUPPORTED_OPCODE	0	1	cmq_cqe_qpc_create_response
cmq_cqe_qpc_create_response	CMQ_CQE	QPC_CREATE	RESPONSE	3	0	36	HW_TYPED	opcode	RAW_DECODE_MUTATION	-	OPCODE_MISMATCH	CMQ_COMPLETION_CODEC	ACCEPT	OK	1	1	cmq_cqe_qpc_create_response
cmq_cqe_qpc_create_response	CMQ_CQE	QPC_CREATE	RESPONSE	3	0	37	HW_TYPED	opcode	RAW_DECODE_MUTATION	-	OPCODE_MISMATCH	CMQ_COMPLETION_CODEC	ACCEPT	OK	1	1	cmq_cqe_qpc_create_response
cmq_cqe_qpc_create_response	CMQ_CQE	QPC_CREATE	RESPONSE	3	0	38	HW_TYPED	opcode	RAW_DECODE_MUTATION	-	OPCODE_MISMATCH	CMQ_COMPLETION_CODEC	REJECT	UNSUPPORTED_OPCODE	0	1	cmq_cqe_qpc_create_response
cmq_cqe_qpc_create_response	CMQ_CQE	QPC_CREATE	RESPONSE	3	0	39	HW_TYPED	opcode	RAW_DECODE_MUTATION	-	OPCODE_MISMATCH	CMQ_COMPLETION_CODEC	REJECT	UNSUPPORTED_OPCODE	0	1	cmq_cqe_qpc_create_response
cmq_cqe_qpc_create_response	CMQ_CQE	QPC_CREATE	RESPONSE	2	0	40	HW_TYPED	index	RAW_DECODE_MUTATION	-	REQUEST_LOOKUP_CHANGED	CMQ_COMPLETION_CODEC	ACCEPT	OK	1	1	cmq_cqe_qpc_create_response
cmq_cqe_qpc_create_response	CMQ_CQE	QPC_CREATE	RESPONSE	2	0	41	HW_TYPED	index	RAW_DECODE_MUTATION	-	REQUEST_LOOKUP_CHANGED	CMQ_COMPLETION_CODEC	ACCEPT	OK	1	1	cmq_cqe_qpc_create_response
cmq_cqe_qpc_create_response	CMQ_CQE	QPC_CREATE	RESPONSE	2	0	42	HW_TYPED	index	RAW_DECODE_MUTATION	-	REQUEST_LOOKUP_CHANGED	CMQ_COMPLETION_CODEC	ACCEPT	OK	1	1	cmq_cqe_qpc_create_response
cmq_cqe_qpc_create_response	CMQ_CQE	QPC_CREATE	RESPONSE	2	0	43	HW_TYPED	index	RAW_DECODE_MUTATION	-	REQUEST_LOOKUP_CHANGED	CMQ_COMPLETION_CODEC	ACCEPT	OK	1	1	cmq_cqe_qpc_create_response
cmq_cqe_qpc_create_response	CMQ_CQE	QPC_CREATE	RESPONSE	2	0	44	HW_TYPED	index	RAW_DECODE_MUTATION	-	REQUEST_LOOKUP_CHANGED	CMQ_COMPLETION_CODEC	ACCEPT	OK	1	1	cmq_cqe_qpc_create_response
cmq_cqe_qpc_create_response	CMQ_CQE	QPC_CREATE	RESPONSE	2	0	45	HW_TYPED	wrap	RAW_DECODE_MUTATION	-	WRAP_MISMATCH	CMQ_COMPLETION_CODEC	ACCEPT	OK	1	1	cmq_cqe_qpc_create_response
cmq_cqe_qpc_create_response	CMQ_CQE	QPC_CREATE	RESPONSE	2	0	46	RESERVED_ZERO	-	RAW_DECODE_MUTATION	-	READY_OK	CMQ_COMPLETION_CODEC	REJECT	CODEC_ERROR	0	1	cmq_cqe_qpc_create_response
cmq_cqe_qpc_create_response	CMQ_CQE	QPC_CREATE	RESPONSE	2	0	47	RESERVED_ZERO	-	RAW_DECODE_MUTATION	-	READY_OK	CMQ_COMPLETION_CODEC	REJECT	CODEC_ERROR	0	1	cmq_cqe_qpc_create_response
cmq_cqe_qpc_create_response	CMQ_CQE	QPC_CREATE	RESPONSE	1	0	48	RESERVED_ZERO	-	RAW_DECODE_MUTATION	-	READY_OK	CMQ_COMPLETION_CODEC	REJECT	CODEC_ERROR	0	1	cmq_cqe_qpc_create_response
cmq_cqe_qpc_create_response	CMQ_CQE	QPC_CREATE	RESPONSE	1	0	49	RESERVED_ZERO	-	RAW_DECODE_MUTATION	-	READY_OK	CMQ_COMPLETION_CODEC	REJECT	CODEC_ERROR	0	1	cmq_cqe_qpc_create_response
cmq_cqe_qpc_create_response	CMQ_CQE	QPC_CREATE	RESPONSE	1	0	50	RESERVED_ZERO	-	RAW_DECODE_MUTATION	-	READY_OK	CMQ_COMPLETION_CODEC	REJECT	CODEC_ERROR	0	1	cmq_cqe_qpc_create_response
cmq_cqe_qpc_create_response	CMQ_CQE	QPC_CREATE	RESPONSE	1	0	51	RESERVED_ZERO	-	RAW_DECODE_MUTATION	-	READY_OK	CMQ_COMPLETION_CODEC	REJECT	CODEC_ERROR	0	1	cmq_cqe_qpc_create_response
cmq_cqe_qpc_create_response	CMQ_CQE	QPC_CREATE	RESPONSE	1	0	52	RESERVED_ZERO	-	RAW_DECODE_MUTATION	-	READY_OK	CMQ_COMPLETION_CODEC	REJECT	CODEC_ERROR	0	1	cmq_cqe_qpc_create_response
cmq_cqe_qpc_create_response	CMQ_CQE	QPC_CREATE	RESPONSE	1	0	53	RESERVED_ZERO	-	RAW_DECODE_MUTATION	-	READY_OK	CMQ_COMPLETION_CODEC	REJECT	CODEC_ERROR	0	1	cmq_cqe_qpc_create_response
cmq_cqe_qpc_create_response	CMQ_CQE	QPC_CREATE	RESPONSE	1	0	54	RESERVED_ZERO	-	RAW_DECODE_MUTATION	-	READY_OK	CMQ_COMPLETION_CODEC	REJECT	CODEC_ERROR	0	1	cmq_cqe_qpc_create_response
cmq_cqe_qpc_create_response	CMQ_CQE	QPC_CREATE	RESPONSE	1	0	55	RESERVED_ZERO	-	RAW_DECODE_MUTATION	-	READY_OK	CMQ_COMPLETION_CODEC	REJECT	CODEC_ERROR	0	1	cmq_cqe_qpc_create_response
cmq_cqe_qpc_create_response	CMQ_CQE	QPC_CREATE	RESPONSE	0	0	56	RESERVED_ZERO	-	RAW_DECODE_MUTATION	-	READY_OK	CMQ_COMPLETION_CODEC	REJECT	CODEC_ERROR	0	1	cmq_cqe_qpc_create_response
cmq_cqe_qpc_create_response	CMQ_CQE	QPC_CREATE	RESPONSE	0	0	57	RESERVED_ZERO	-	RAW_DECODE_MUTATION	-	READY_OK	CMQ_COMPLETION_CODEC	REJECT	CODEC_ERROR	0	1	cmq_cqe_qpc_create_response
cmq_cqe_qpc_create_response	CMQ_CQE	QPC_CREATE	RESPONSE	0	0	58	RESERVED_ZERO	-	RAW_DECODE_MUTATION	-	READY_OK	CMQ_COMPLETION_CODEC	REJECT	CODEC_ERROR	0	1	cmq_cqe_qpc_create_response
cmq_cqe_qpc_create_response	CMQ_CQE	QPC_CREATE	RESPONSE	0	0	59	RESERVED_ZERO	-	RAW_DECODE_MUTATION	-	READY_OK	CMQ_COMPLETION_CODEC	REJECT	CODEC_ERROR	0	1	cmq_cqe_qpc_create_response
cmq_cqe_qpc_create_response	CMQ_CQE	QPC_CREATE	RESPONSE	0	0	60	RESERVED_ZERO	-	RAW_DECODE_MUTATION	-	READY_OK	CMQ_COMPLETION_CODEC	REJECT	CODEC_ERROR	0	1	cmq_cqe_qpc_create_response
cmq_cqe_qpc_create_response	CMQ_CQE	QPC_CREATE	RESPONSE	0	0	61	RESERVED_ZERO	-	RAW_DECODE_MUTATION	-	READY_OK	CMQ_COMPLETION_CODEC	REJECT	CODEC_ERROR	0	1	cmq_cqe_qpc_create_response
cmq_cqe_qpc_create_response	CMQ_CQE	QPC_CREATE	RESPONSE	0	0	62	RESERVED_ZERO	-	RAW_DECODE_MUTATION	-	READY_OK	CMQ_COMPLETION_CODEC	REJECT	CODEC_ERROR	0	1	cmq_cqe_qpc_create_response
cmq_cqe_qpc_create_response	CMQ_CQE	QPC_CREATE	RESPONSE	0	0	63	HW_TYPED	owner	RAW_DECODE_MUTATION	-	NOT_READY	CMQ_COMPLETION_CODEC	NOT_READY	OK	0	1	cmq_cqe_qpc_create_response
cmq_cqe_qpc_create_response	CMQ_CQE	QPC_CREATE	RESPONSE	15	1	0	RESERVED_ZERO	-	RAW_DECODE_MUTATION	-	READY_OK	CMQ_COMPLETION_CODEC	REJECT	CODEC_ERROR	0	1	cmq_cqe_qpc_create_response
cmq_cqe_qpc_create_response	CMQ_CQE	QPC_CREATE	RESPONSE	15	1	1	RESERVED_ZERO	-	RAW_DECODE_MUTATION	-	READY_OK	CMQ_COMPLETION_CODEC	REJECT	CODEC_ERROR	0	1	cmq_cqe_qpc_create_response
cmq_cqe_qpc_create_response	CMQ_CQE	QPC_CREATE	RESPONSE	15	1	2	RESERVED_ZERO	-	RAW_DECODE_MUTATION	-	READY_OK	CMQ_COMPLETION_CODEC	REJECT	CODEC_ERROR	0	1	cmq_cqe_qpc_create_response
cmq_cqe_qpc_create_response	CMQ_CQE	QPC_CREATE	RESPONSE	15	1	3	RESERVED_ZERO	-	RAW_DECODE_MUTATION	-	READY_OK	CMQ_COMPLETION_CODEC	REJECT	CODEC_ERROR	0	1	cmq_cqe_qpc_create_response
cmq_cqe_qpc_create_response	CMQ_CQE	QPC_CREATE	RESPONSE	15	1	4	RESERVED_ZERO	-	RAW_DECODE_MUTATION	-	READY_OK	CMQ_COMPLETION_CODEC	REJECT	CODEC_ERROR	0	1	cmq_cqe_qpc_create_response
cmq_cqe_qpc_create_response	CMQ_CQE	QPC_CREATE	RESPONSE	15	1	5	RESERVED_ZERO	-	RAW_DECODE_MUTATION	-	READY_OK	CMQ_COMPLETION_CODEC	REJECT	CODEC_ERROR	0	1	cmq_cqe_qpc_create_response
cmq_cqe_qpc_create_response	CMQ_CQE	QPC_CREATE	RESPONSE	15	1	6	RESERVED_ZERO	-	RAW_DECODE_MUTATION	-	READY_OK	CMQ_COMPLETION_CODEC	REJECT	CODEC_ERROR	0	1	cmq_cqe_qpc_create_response
cmq_cqe_qpc_create_response	CMQ_CQE	QPC_CREATE	RESPONSE	15	1	7	RESERVED_ZERO	-	RAW_DECODE_MUTATION	-	READY_OK	CMQ_COMPLETION_CODEC	REJECT	CODEC_ERROR	0	1	cmq_cqe_qpc_create_response
cmq_cqe_qpc_create_response	CMQ_CQE	QPC_CREATE	RESPONSE	14	1	8	RESERVED_ZERO	-	RAW_DECODE_MUTATION	-	READY_OK	CMQ_COMPLETION_CODEC	REJECT	CODEC_ERROR	0	1	cmq_cqe_qpc_create_response
cmq_cqe_qpc_create_response	CMQ_CQE	QPC_CREATE	RESPONSE	14	1	9	RESERVED_ZERO	-	RAW_DECODE_MUTATION	-	READY_OK	CMQ_COMPLETION_CODEC	REJECT	CODEC_ERROR	0	1	cmq_cqe_qpc_create_response
cmq_cqe_qpc_create_response	CMQ_CQE	QPC_CREATE	RESPONSE	14	1	10	RESERVED_ZERO	-	RAW_DECODE_MUTATION	-	READY_OK	CMQ_COMPLETION_CODEC	REJECT	CODEC_ERROR	0	1	cmq_cqe_qpc_create_response
cmq_cqe_qpc_create_response	CMQ_CQE	QPC_CREATE	RESPONSE	14	1	11	RESERVED_ZERO	-	RAW_DECODE_MUTATION	-	READY_OK	CMQ_COMPLETION_CODEC	REJECT	CODEC_ERROR	0	1	cmq_cqe_qpc_create_response
cmq_cqe_qpc_create_response	CMQ_CQE	QPC_CREATE	RESPONSE	14	1	12	RESERVED_ZERO	-	RAW_DECODE_MUTATION	-	READY_OK	CMQ_COMPLETION_CODEC	REJECT	CODEC_ERROR	0	1	cmq_cqe_qpc_create_response
cmq_cqe_qpc_create_response	CMQ_CQE	QPC_CREATE	RESPONSE	14	1	13	RESERVED_ZERO	-	RAW_DECODE_MUTATION	-	READY_OK	CMQ_COMPLETION_CODEC	REJECT	CODEC_ERROR	0	1	cmq_cqe_qpc_create_response
cmq_cqe_qpc_create_response	CMQ_CQE	QPC_CREATE	RESPONSE	14	1	14	RESERVED_ZERO	-	RAW_DECODE_MUTATION	-	READY_OK	CMQ_COMPLETION_CODEC	REJECT	CODEC_ERROR	0	1	cmq_cqe_qpc_create_response
cmq_cqe_qpc_create_response	CMQ_CQE	QPC_CREATE	RESPONSE	14	1	15	RESERVED_ZERO	-	RAW_DECODE_MUTATION	-	READY_OK	CMQ_COMPLETION_CODEC	REJECT	CODEC_ERROR	0	1	cmq_cqe_qpc_create_response
cmq_cqe_qpc_create_response	CMQ_CQE	QPC_CREATE	RESPONSE	13	1	16	RESERVED_ZERO	-	RAW_DECODE_MUTATION	-	READY_OK	CMQ_COMPLETION_CODEC	REJECT	CODEC_ERROR	0	1	cmq_cqe_qpc_create_response
cmq_cqe_qpc_create_response	CMQ_CQE	QPC_CREATE	RESPONSE	13	1	17	RESERVED_ZERO	-	RAW_DECODE_MUTATION	-	READY_OK	CMQ_COMPLETION_CODEC	REJECT	CODEC_ERROR	0	1	cmq_cqe_qpc_create_response
cmq_cqe_qpc_create_response	CMQ_CQE	QPC_CREATE	RESPONSE	13	1	18	RESERVED_ZERO	-	RAW_DECODE_MUTATION	-	READY_OK	CMQ_COMPLETION_CODEC	REJECT	CODEC_ERROR	0	1	cmq_cqe_qpc_create_response
cmq_cqe_qpc_create_response	CMQ_CQE	QPC_CREATE	RESPONSE	13	1	19	RESERVED_ZERO	-	RAW_DECODE_MUTATION	-	READY_OK	CMQ_COMPLETION_CODEC	REJECT	CODEC_ERROR	0	1	cmq_cqe_qpc_create_response
cmq_cqe_qpc_create_response	CMQ_CQE	QPC_CREATE	RESPONSE	13	1	20	RESERVED_ZERO	-	RAW_DECODE_MUTATION	-	READY_OK	CMQ_COMPLETION_CODEC	REJECT	CODEC_ERROR	0	1	cmq_cqe_qpc_create_response
cmq_cqe_qpc_create_response	CMQ_CQE	QPC_CREATE	RESPONSE	13	1	21	RESERVED_ZERO	-	RAW_DECODE_MUTATION	-	READY_OK	CMQ_COMPLETION_CODEC	REJECT	CODEC_ERROR	0	1	cmq_cqe_qpc_create_response
cmq_cqe_qpc_create_response	CMQ_CQE	QPC_CREATE	RESPONSE	13	1	22	RESERVED_ZERO	-	RAW_DECODE_MUTATION	-	READY_OK	CMQ_COMPLETION_CODEC	REJECT	CODEC_ERROR	0	1	cmq_cqe_qpc_create_response
cmq_cqe_qpc_create_response	CMQ_CQE	QPC_CREATE	RESPONSE	13	1	23	RESERVED_ZERO	-	RAW_DECODE_MUTATION	-	READY_OK	CMQ_COMPLETION_CODEC	REJECT	CODEC_ERROR	0	1	cmq_cqe_qpc_create_response
cmq_cqe_qpc_create_response	CMQ_CQE	QPC_CREATE	RESPONSE	12	1	24	RESERVED_ZERO	-	RAW_DECODE_MUTATION	-	READY_OK	CMQ_COMPLETION_CODEC	REJECT	CODEC_ERROR	0	1	cmq_cqe_qpc_create_response
cmq_cqe_qpc_create_response	CMQ_CQE	QPC_CREATE	RESPONSE	12	1	25	RESERVED_ZERO	-	RAW_DECODE_MUTATION	-	READY_OK	CMQ_COMPLETION_CODEC	REJECT	CODEC_ERROR	0	1	cmq_cqe_qpc_create_response
cmq_cqe_qpc_create_response	CMQ_CQE	QPC_CREATE	RESPONSE	12	1	26	RESERVED_ZERO	-	RAW_DECODE_MUTATION	-	READY_OK	CMQ_COMPLETION_CODEC	REJECT	CODEC_ERROR	0	1	cmq_cqe_qpc_create_response
cmq_cqe_qpc_create_response	CMQ_CQE	QPC_CREATE	RESPONSE	12	1	27	RESERVED_ZERO	-	RAW_DECODE_MUTATION	-	READY_OK	CMQ_COMPLETION_CODEC	REJECT	CODEC_ERROR	0	1	cmq_cqe_qpc_create_response
cmq_cqe_qpc_create_response	CMQ_CQE	QPC_CREATE	RESPONSE	12	1	28	RESERVED_ZERO	-	RAW_DECODE_MUTATION	-	READY_OK	CMQ_COMPLETION_CODEC	REJECT	CODEC_ERROR	0	1	cmq_cqe_qpc_create_response
cmq_cqe_qpc_create_response	CMQ_CQE	QPC_CREATE	RESPONSE	12	1	29	RESERVED_ZERO	-	RAW_DECODE_MUTATION	-	READY_OK	CMQ_COMPLETION_CODEC	REJECT	CODEC_ERROR	0	1	cmq_cqe_qpc_create_response
cmq_cqe_qpc_create_response	CMQ_CQE	QPC_CREATE	RESPONSE	12	1	30	RESERVED_ZERO	-	RAW_DECODE_MUTATION	-	READY_OK	CMQ_COMPLETION_CODEC	REJECT	CODEC_ERROR	0	1	cmq_cqe_qpc_create_response
cmq_cqe_qpc_create_response	CMQ_CQE	QPC_CREATE	RESPONSE	12	1	31	RESERVED_ZERO	-	RAW_DECODE_MUTATION	-	READY_OK	CMQ_COMPLETION_CODEC	REJECT	CODEC_ERROR	0	1	cmq_cqe_qpc_create_response
cmq_cqe_qpc_create_response	CMQ_CQE	QPC_CREATE	RESPONSE	11	1	32	RESERVED_ZERO	-	RAW_DECODE_MUTATION	-	READY_OK	CMQ_COMPLETION_CODEC	REJECT	CODEC_ERROR	0	1	cmq_cqe_qpc_create_response
cmq_cqe_qpc_create_response	CMQ_CQE	QPC_CREATE	RESPONSE	11	1	33	RESERVED_ZERO	-	RAW_DECODE_MUTATION	-	READY_OK	CMQ_COMPLETION_CODEC	REJECT	CODEC_ERROR	0	1	cmq_cqe_qpc_create_response
cmq_cqe_qpc_create_response	CMQ_CQE	QPC_CREATE	RESPONSE	11	1	34	RESERVED_ZERO	-	RAW_DECODE_MUTATION	-	READY_OK	CMQ_COMPLETION_CODEC	REJECT	CODEC_ERROR	0	1	cmq_cqe_qpc_create_response
cmq_cqe_qpc_create_response	CMQ_CQE	QPC_CREATE	RESPONSE	11	1	35	RESERVED_ZERO	-	RAW_DECODE_MUTATION	-	READY_OK	CMQ_COMPLETION_CODEC	REJECT	CODEC_ERROR	0	1	cmq_cqe_qpc_create_response
cmq_cqe_qpc_create_response	CMQ_CQE	QPC_CREATE	RESPONSE	11	1	36	RESERVED_ZERO	-	RAW_DECODE_MUTATION	-	READY_OK	CMQ_COMPLETION_CODEC	REJECT	CODEC_ERROR	0	1	cmq_cqe_qpc_create_response
cmq_cqe_qpc_create_response	CMQ_CQE	QPC_CREATE	RESPONSE	11	1	37	RESERVED_ZERO	-	RAW_DECODE_MUTATION	-	READY_OK	CMQ_COMPLETION_CODEC	REJECT	CODEC_ERROR	0	1	cmq_cqe_qpc_create_response
cmq_cqe_qpc_create_response	CMQ_CQE	QPC_CREATE	RESPONSE	11	1	38	RESERVED_ZERO	-	RAW_DECODE_MUTATION	-	READY_OK	CMQ_COMPLETION_CODEC	REJECT	CODEC_ERROR	0	1	cmq_cqe_qpc_create_response
cmq_cqe_qpc_create_response	CMQ_CQE	QPC_CREATE	RESPONSE	11	1	39	RESERVED_ZERO	-	RAW_DECODE_MUTATION	-	READY_OK	CMQ_COMPLETION_CODEC	REJECT	CODEC_ERROR	0	1	cmq_cqe_qpc_create_response
cmq_cqe_qpc_create_response	CMQ_CQE	QPC_CREATE	RESPONSE	10	1	40	RESERVED_ZERO	-	RAW_DECODE_MUTATION	-	READY_OK	CMQ_COMPLETION_CODEC	REJECT	CODEC_ERROR	0	1	cmq_cqe_qpc_create_response
cmq_cqe_qpc_create_response	CMQ_CQE	QPC_CREATE	RESPONSE	10	1	41	RESERVED_ZERO	-	RAW_DECODE_MUTATION	-	READY_OK	CMQ_COMPLETION_CODEC	REJECT	CODEC_ERROR	0	1	cmq_cqe_qpc_create_response
cmq_cqe_qpc_create_response	CMQ_CQE	QPC_CREATE	RESPONSE	10	1	42	RESERVED_ZERO	-	RAW_DECODE_MUTATION	-	READY_OK	CMQ_COMPLETION_CODEC	REJECT	CODEC_ERROR	0	1	cmq_cqe_qpc_create_response
cmq_cqe_qpc_create_response	CMQ_CQE	QPC_CREATE	RESPONSE	10	1	43	RESERVED_ZERO	-	RAW_DECODE_MUTATION	-	READY_OK	CMQ_COMPLETION_CODEC	REJECT	CODEC_ERROR	0	1	cmq_cqe_qpc_create_response
cmq_cqe_qpc_create_response	CMQ_CQE	QPC_CREATE	RESPONSE	10	1	44	RESERVED_ZERO	-	RAW_DECODE_MUTATION	-	READY_OK	CMQ_COMPLETION_CODEC	REJECT	CODEC_ERROR	0	1	cmq_cqe_qpc_create_response
cmq_cqe_qpc_create_response	CMQ_CQE	QPC_CREATE	RESPONSE	10	1	45	RESERVED_ZERO	-	RAW_DECODE_MUTATION	-	READY_OK	CMQ_COMPLETION_CODEC	REJECT	CODEC_ERROR	0	1	cmq_cqe_qpc_create_response
cmq_cqe_qpc_create_response	CMQ_CQE	QPC_CREATE	RESPONSE	10	1	46	RESERVED_ZERO	-	RAW_DECODE_MUTATION	-	READY_OK	CMQ_COMPLETION_CODEC	REJECT	CODEC_ERROR	0	1	cmq_cqe_qpc_create_response
cmq_cqe_qpc_create_response	CMQ_CQE	QPC_CREATE	RESPONSE	10	1	47	RESERVED_ZERO	-	RAW_DECODE_MUTATION	-	READY_OK	CMQ_COMPLETION_CODEC	REJECT	CODEC_ERROR	0	1	cmq_cqe_qpc_create_response
cmq_cqe_qpc_create_response	CMQ_CQE	QPC_CREATE	RESPONSE	9	1	48	RESERVED_ZERO	-	RAW_DECODE_MUTATION	-	READY_OK	CMQ_COMPLETION_CODEC	REJECT	CODEC_ERROR	0	1	cmq_cqe_qpc_create_response
cmq_cqe_qpc_create_response	CMQ_CQE	QPC_CREATE	RESPONSE	9	1	49	RESERVED_ZERO	-	RAW_DECODE_MUTATION	-	READY_OK	CMQ_COMPLETION_CODEC	REJECT	CODEC_ERROR	0	1	cmq_cqe_qpc_create_response
cmq_cqe_qpc_create_response	CMQ_CQE	QPC_CREATE	RESPONSE	9	1	50	RESERVED_ZERO	-	RAW_DECODE_MUTATION	-	READY_OK	CMQ_COMPLETION_CODEC	REJECT	CODEC_ERROR	0	1	cmq_cqe_qpc_create_response
cmq_cqe_qpc_create_response	CMQ_CQE	QPC_CREATE	RESPONSE	9	1	51	RESERVED_ZERO	-	RAW_DECODE_MUTATION	-	READY_OK	CMQ_COMPLETION_CODEC	REJECT	CODEC_ERROR	0	1	cmq_cqe_qpc_create_response
cmq_cqe_qpc_create_response	CMQ_CQE	QPC_CREATE	RESPONSE	9	1	52	RESERVED_ZERO	-	RAW_DECODE_MUTATION	-	READY_OK	CMQ_COMPLETION_CODEC	REJECT	CODEC_ERROR	0	1	cmq_cqe_qpc_create_response
cmq_cqe_qpc_create_response	CMQ_CQE	QPC_CREATE	RESPONSE	9	1	53	RESERVED_ZERO	-	RAW_DECODE_MUTATION	-	READY_OK	CMQ_COMPLETION_CODEC	REJECT	CODEC_ERROR	0	1	cmq_cqe_qpc_create_response
cmq_cqe_qpc_create_response	CMQ_CQE	QPC_CREATE	RESPONSE	9	1	54	RESERVED_ZERO	-	RAW_DECODE_MUTATION	-	READY_OK	CMQ_COMPLETION_CODEC	REJECT	CODEC_ERROR	0	1	cmq_cqe_qpc_create_response
cmq_cqe_qpc_create_response	CMQ_CQE	QPC_CREATE	RESPONSE	9	1	55	RESERVED_ZERO	-	RAW_DECODE_MUTATION	-	READY_OK	CMQ_COMPLETION_CODEC	REJECT	CODEC_ERROR	0	1	cmq_cqe_qpc_create_response
cmq_cqe_qpc_create_response	CMQ_CQE	QPC_CREATE	RESPONSE	8	1	56	RESERVED_ZERO	-	RAW_DECODE_MUTATION	-	READY_OK	CMQ_COMPLETION_CODEC	REJECT	CODEC_ERROR	0	1	cmq_cqe_qpc_create_response
cmq_cqe_qpc_create_response	CMQ_CQE	QPC_CREATE	RESPONSE	8	1	57	RESERVED_ZERO	-	RAW_DECODE_MUTATION	-	READY_OK	CMQ_COMPLETION_CODEC	REJECT	CODEC_ERROR	0	1	cmq_cqe_qpc_create_response
cmq_cqe_qpc_create_response	CMQ_CQE	QPC_CREATE	RESPONSE	8	1	58	RESERVED_ZERO	-	RAW_DECODE_MUTATION	-	READY_OK	CMQ_COMPLETION_CODEC	REJECT	CODEC_ERROR	0	1	cmq_cqe_qpc_create_response
cmq_cqe_qpc_create_response	CMQ_CQE	QPC_CREATE	RESPONSE	8	1	59	RESERVED_ZERO	-	RAW_DECODE_MUTATION	-	READY_OK	CMQ_COMPLETION_CODEC	REJECT	CODEC_ERROR	0	1	cmq_cqe_qpc_create_response
cmq_cqe_qpc_create_response	CMQ_CQE	QPC_CREATE	RESPONSE	8	1	60	RESERVED_ZERO	-	RAW_DECODE_MUTATION	-	READY_OK	CMQ_COMPLETION_CODEC	REJECT	CODEC_ERROR	0	1	cmq_cqe_qpc_create_response
cmq_cqe_qpc_create_response	CMQ_CQE	QPC_CREATE	RESPONSE	8	1	61	RESERVED_ZERO	-	RAW_DECODE_MUTATION	-	READY_OK	CMQ_COMPLETION_CODEC	REJECT	CODEC_ERROR	0	1	cmq_cqe_qpc_create_response
cmq_cqe_qpc_create_response	CMQ_CQE	QPC_CREATE	RESPONSE	8	1	62	RESERVED_ZERO	-	RAW_DECODE_MUTATION	-	READY_OK	CMQ_COMPLETION_CODEC	REJECT	CODEC_ERROR	0	1	cmq_cqe_qpc_create_response
cmq_cqe_qpc_create_response	CMQ_CQE	QPC_CREATE	RESPONSE	8	1	63	RESERVED_ZERO	-	RAW_DECODE_MUTATION	-	READY_OK	CMQ_COMPLETION_CODEC	REJECT	CODEC_ERROR	0	1	cmq_cqe_qpc_create_response
cmq_cqe_qpc_create_response	CMQ_CQE	QPC_CREATE	RESPONSE	23	2	0	RESERVED_ZERO	-	RAW_DECODE_MUTATION	-	READY_OK	CMQ_COMPLETION_CODEC	REJECT	CODEC_ERROR	0	1	cmq_cqe_qpc_create_response
cmq_cqe_qpc_create_response	CMQ_CQE	QPC_CREATE	RESPONSE	23	2	1	RESERVED_ZERO	-	RAW_DECODE_MUTATION	-	READY_OK	CMQ_COMPLETION_CODEC	REJECT	CODEC_ERROR	0	1	cmq_cqe_qpc_create_response
cmq_cqe_qpc_create_response	CMQ_CQE	QPC_CREATE	RESPONSE	23	2	2	RESERVED_ZERO	-	RAW_DECODE_MUTATION	-	READY_OK	CMQ_COMPLETION_CODEC	REJECT	CODEC_ERROR	0	1	cmq_cqe_qpc_create_response
cmq_cqe_qpc_create_response	CMQ_CQE	QPC_CREATE	RESPONSE	23	2	3	RESERVED_ZERO	-	RAW_DECODE_MUTATION	-	READY_OK	CMQ_COMPLETION_CODEC	REJECT	CODEC_ERROR	0	1	cmq_cqe_qpc_create_response
cmq_cqe_qpc_create_response	CMQ_CQE	QPC_CREATE	RESPONSE	23	2	4	RESERVED_ZERO	-	RAW_DECODE_MUTATION	-	READY_OK	CMQ_COMPLETION_CODEC	REJECT	CODEC_ERROR	0	1	cmq_cqe_qpc_create_response
cmq_cqe_qpc_create_response	CMQ_CQE	QPC_CREATE	RESPONSE	23	2	5	RESERVED_ZERO	-	RAW_DECODE_MUTATION	-	READY_OK	CMQ_COMPLETION_CODEC	REJECT	CODEC_ERROR	0	1	cmq_cqe_qpc_create_response
cmq_cqe_qpc_create_response	CMQ_CQE	QPC_CREATE	RESPONSE	23	2	6	RESERVED_ZERO	-	RAW_DECODE_MUTATION	-	READY_OK	CMQ_COMPLETION_CODEC	REJECT	CODEC_ERROR	0	1	cmq_cqe_qpc_create_response
cmq_cqe_qpc_create_response	CMQ_CQE	QPC_CREATE	RESPONSE	23	2	7	RESERVED_ZERO	-	RAW_DECODE_MUTATION	-	READY_OK	CMQ_COMPLETION_CODEC	REJECT	CODEC_ERROR	0	1	cmq_cqe_qpc_create_response
cmq_cqe_qpc_create_response	CMQ_CQE	QPC_CREATE	RESPONSE	22	2	8	RESERVED_ZERO	-	RAW_DECODE_MUTATION	-	READY_OK	CMQ_COMPLETION_CODEC	REJECT	CODEC_ERROR	0	1	cmq_cqe_qpc_create_response
cmq_cqe_qpc_create_response	CMQ_CQE	QPC_CREATE	RESPONSE	22	2	9	RESERVED_ZERO	-	RAW_DECODE_MUTATION	-	READY_OK	CMQ_COMPLETION_CODEC	REJECT	CODEC_ERROR	0	1	cmq_cqe_qpc_create_response
cmq_cqe_qpc_create_response	CMQ_CQE	QPC_CREATE	RESPONSE	22	2	10	RESERVED_ZERO	-	RAW_DECODE_MUTATION	-	READY_OK	CMQ_COMPLETION_CODEC	REJECT	CODEC_ERROR	0	1	cmq_cqe_qpc_create_response
cmq_cqe_qpc_create_response	CMQ_CQE	QPC_CREATE	RESPONSE	22	2	11	RESERVED_ZERO	-	RAW_DECODE_MUTATION	-	READY_OK	CMQ_COMPLETION_CODEC	REJECT	CODEC_ERROR	0	1	cmq_cqe_qpc_create_response
cmq_cqe_qpc_create_response	CMQ_CQE	QPC_CREATE	RESPONSE	22	2	12	RESERVED_ZERO	-	RAW_DECODE_MUTATION	-	READY_OK	CMQ_COMPLETION_CODEC	REJECT	CODEC_ERROR	0	1	cmq_cqe_qpc_create_response
cmq_cqe_qpc_create_response	CMQ_CQE	QPC_CREATE	RESPONSE	22	2	13	RESERVED_ZERO	-	RAW_DECODE_MUTATION	-	READY_OK	CMQ_COMPLETION_CODEC	REJECT	CODEC_ERROR	0	1	cmq_cqe_qpc_create_response
cmq_cqe_qpc_create_response	CMQ_CQE	QPC_CREATE	RESPONSE	22	2	14	RESERVED_ZERO	-	RAW_DECODE_MUTATION	-	READY_OK	CMQ_COMPLETION_CODEC	REJECT	CODEC_ERROR	0	1	cmq_cqe_qpc_create_response
cmq_cqe_qpc_create_response	CMQ_CQE	QPC_CREATE	RESPONSE	22	2	15	RESERVED_ZERO	-	RAW_DECODE_MUTATION	-	READY_OK	CMQ_COMPLETION_CODEC	REJECT	CODEC_ERROR	0	1	cmq_cqe_qpc_create_response
cmq_cqe_qpc_create_response	CMQ_CQE	QPC_CREATE	RESPONSE	21	2	16	RESERVED_ZERO	-	RAW_DECODE_MUTATION	-	READY_OK	CMQ_COMPLETION_CODEC	REJECT	CODEC_ERROR	0	1	cmq_cqe_qpc_create_response
cmq_cqe_qpc_create_response	CMQ_CQE	QPC_CREATE	RESPONSE	21	2	17	RESERVED_ZERO	-	RAW_DECODE_MUTATION	-	READY_OK	CMQ_COMPLETION_CODEC	REJECT	CODEC_ERROR	0	1	cmq_cqe_qpc_create_response
cmq_cqe_qpc_create_response	CMQ_CQE	QPC_CREATE	RESPONSE	21	2	18	RESERVED_ZERO	-	RAW_DECODE_MUTATION	-	READY_OK	CMQ_COMPLETION_CODEC	REJECT	CODEC_ERROR	0	1	cmq_cqe_qpc_create_response
cmq_cqe_qpc_create_response	CMQ_CQE	QPC_CREATE	RESPONSE	21	2	19	RESERVED_ZERO	-	RAW_DECODE_MUTATION	-	READY_OK	CMQ_COMPLETION_CODEC	REJECT	CODEC_ERROR	0	1	cmq_cqe_qpc_create_response
cmq_cqe_qpc_create_response	CMQ_CQE	QPC_CREATE	RESPONSE	21	2	20	RESERVED_ZERO	-	RAW_DECODE_MUTATION	-	READY_OK	CMQ_COMPLETION_CODEC	REJECT	CODEC_ERROR	0	1	cmq_cqe_qpc_create_response
cmq_cqe_qpc_create_response	CMQ_CQE	QPC_CREATE	RESPONSE	21	2	21	RESERVED_ZERO	-	RAW_DECODE_MUTATION	-	READY_OK	CMQ_COMPLETION_CODEC	REJECT	CODEC_ERROR	0	1	cmq_cqe_qpc_create_response
cmq_cqe_qpc_create_response	CMQ_CQE	QPC_CREATE	RESPONSE	21	2	22	RESERVED_ZERO	-	RAW_DECODE_MUTATION	-	READY_OK	CMQ_COMPLETION_CODEC	REJECT	CODEC_ERROR	0	1	cmq_cqe_qpc_create_response
cmq_cqe_qpc_create_response	CMQ_CQE	QPC_CREATE	RESPONSE	21	2	23	RESERVED_ZERO	-	RAW_DECODE_MUTATION	-	READY_OK	CMQ_COMPLETION_CODEC	REJECT	CODEC_ERROR	0	1	cmq_cqe_qpc_create_response
cmq_cqe_qpc_create_response	CMQ_CQE	QPC_CREATE	RESPONSE	20	2	24	RESERVED_ZERO	-	RAW_DECODE_MUTATION	-	READY_OK	CMQ_COMPLETION_CODEC	REJECT	CODEC_ERROR	0	1	cmq_cqe_qpc_create_response
cmq_cqe_qpc_create_response	CMQ_CQE	QPC_CREATE	RESPONSE	20	2	25	RESERVED_ZERO	-	RAW_DECODE_MUTATION	-	READY_OK	CMQ_COMPLETION_CODEC	REJECT	CODEC_ERROR	0	1	cmq_cqe_qpc_create_response
cmq_cqe_qpc_create_response	CMQ_CQE	QPC_CREATE	RESPONSE	20	2	26	RESERVED_ZERO	-	RAW_DECODE_MUTATION	-	READY_OK	CMQ_COMPLETION_CODEC	REJECT	CODEC_ERROR	0	1	cmq_cqe_qpc_create_response
cmq_cqe_qpc_create_response	CMQ_CQE	QPC_CREATE	RESPONSE	20	2	27	RESERVED_ZERO	-	RAW_DECODE_MUTATION	-	READY_OK	CMQ_COMPLETION_CODEC	REJECT	CODEC_ERROR	0	1	cmq_cqe_qpc_create_response
cmq_cqe_qpc_create_response	CMQ_CQE	QPC_CREATE	RESPONSE	20	2	28	RESERVED_ZERO	-	RAW_DECODE_MUTATION	-	READY_OK	CMQ_COMPLETION_CODEC	REJECT	CODEC_ERROR	0	1	cmq_cqe_qpc_create_response
cmq_cqe_qpc_create_response	CMQ_CQE	QPC_CREATE	RESPONSE	20	2	29	RESERVED_ZERO	-	RAW_DECODE_MUTATION	-	READY_OK	CMQ_COMPLETION_CODEC	REJECT	CODEC_ERROR	0	1	cmq_cqe_qpc_create_response
cmq_cqe_qpc_create_response	CMQ_CQE	QPC_CREATE	RESPONSE	20	2	30	RESERVED_ZERO	-	RAW_DECODE_MUTATION	-	READY_OK	CMQ_COMPLETION_CODEC	REJECT	CODEC_ERROR	0	1	cmq_cqe_qpc_create_response
cmq_cqe_qpc_create_response	CMQ_CQE	QPC_CREATE	RESPONSE	20	2	31	RESERVED_ZERO	-	RAW_DECODE_MUTATION	-	READY_OK	CMQ_COMPLETION_CODEC	REJECT	CODEC_ERROR	0	1	cmq_cqe_qpc_create_response
cmq_cqe_qpc_create_response	CMQ_CQE	QPC_CREATE	RESPONSE	19	2	32	RESERVED_ZERO	-	RAW_DECODE_MUTATION	-	READY_OK	CMQ_COMPLETION_CODEC	REJECT	CODEC_ERROR	0	1	cmq_cqe_qpc_create_response
cmq_cqe_qpc_create_response	CMQ_CQE	QPC_CREATE	RESPONSE	19	2	33	RESERVED_ZERO	-	RAW_DECODE_MUTATION	-	READY_OK	CMQ_COMPLETION_CODEC	REJECT	CODEC_ERROR	0	1	cmq_cqe_qpc_create_response
cmq_cqe_qpc_create_response	CMQ_CQE	QPC_CREATE	RESPONSE	19	2	34	RESERVED_ZERO	-	RAW_DECODE_MUTATION	-	READY_OK	CMQ_COMPLETION_CODEC	REJECT	CODEC_ERROR	0	1	cmq_cqe_qpc_create_response
cmq_cqe_qpc_create_response	CMQ_CQE	QPC_CREATE	RESPONSE	19	2	35	RESERVED_ZERO	-	RAW_DECODE_MUTATION	-	READY_OK	CMQ_COMPLETION_CODEC	REJECT	CODEC_ERROR	0	1	cmq_cqe_qpc_create_response
cmq_cqe_qpc_create_response	CMQ_CQE	QPC_CREATE	RESPONSE	19	2	36	RESERVED_ZERO	-	RAW_DECODE_MUTATION	-	READY_OK	CMQ_COMPLETION_CODEC	REJECT	CODEC_ERROR	0	1	cmq_cqe_qpc_create_response
cmq_cqe_qpc_create_response	CMQ_CQE	QPC_CREATE	RESPONSE	19	2	37	RESERVED_ZERO	-	RAW_DECODE_MUTATION	-	READY_OK	CMQ_COMPLETION_CODEC	REJECT	CODEC_ERROR	0	1	cmq_cqe_qpc_create_response
cmq_cqe_qpc_create_response	CMQ_CQE	QPC_CREATE	RESPONSE	19	2	38	RESERVED_ZERO	-	RAW_DECODE_MUTATION	-	READY_OK	CMQ_COMPLETION_CODEC	REJECT	CODEC_ERROR	0	1	cmq_cqe_qpc_create_response
cmq_cqe_qpc_create_response	CMQ_CQE	QPC_CREATE	RESPONSE	19	2	39	RESERVED_ZERO	-	RAW_DECODE_MUTATION	-	READY_OK	CMQ_COMPLETION_CODEC	REJECT	CODEC_ERROR	0	1	cmq_cqe_qpc_create_response
cmq_cqe_qpc_create_response	CMQ_CQE	QPC_CREATE	RESPONSE	18	2	40	RESERVED_ZERO	-	RAW_DECODE_MUTATION	-	READY_OK	CMQ_COMPLETION_CODEC	REJECT	CODEC_ERROR	0	1	cmq_cqe_qpc_create_response
cmq_cqe_qpc_create_response	CMQ_CQE	QPC_CREATE	RESPONSE	18	2	41	RESERVED_ZERO	-	RAW_DECODE_MUTATION	-	READY_OK	CMQ_COMPLETION_CODEC	REJECT	CODEC_ERROR	0	1	cmq_cqe_qpc_create_response
cmq_cqe_qpc_create_response	CMQ_CQE	QPC_CREATE	RESPONSE	18	2	42	RESERVED_ZERO	-	RAW_DECODE_MUTATION	-	READY_OK	CMQ_COMPLETION_CODEC	REJECT	CODEC_ERROR	0	1	cmq_cqe_qpc_create_response
cmq_cqe_qpc_create_response	CMQ_CQE	QPC_CREATE	RESPONSE	18	2	43	RESERVED_ZERO	-	RAW_DECODE_MUTATION	-	READY_OK	CMQ_COMPLETION_CODEC	REJECT	CODEC_ERROR	0	1	cmq_cqe_qpc_create_response
cmq_cqe_qpc_create_response	CMQ_CQE	QPC_CREATE	RESPONSE	18	2	44	RESERVED_ZERO	-	RAW_DECODE_MUTATION	-	READY_OK	CMQ_COMPLETION_CODEC	REJECT	CODEC_ERROR	0	1	cmq_cqe_qpc_create_response
cmq_cqe_qpc_create_response	CMQ_CQE	QPC_CREATE	RESPONSE	18	2	45	RESERVED_ZERO	-	RAW_DECODE_MUTATION	-	READY_OK	CMQ_COMPLETION_CODEC	REJECT	CODEC_ERROR	0	1	cmq_cqe_qpc_create_response
cmq_cqe_qpc_create_response	CMQ_CQE	QPC_CREATE	RESPONSE	18	2	46	RESERVED_ZERO	-	RAW_DECODE_MUTATION	-	READY_OK	CMQ_COMPLETION_CODEC	REJECT	CODEC_ERROR	0	1	cmq_cqe_qpc_create_response
cmq_cqe_qpc_create_response	CMQ_CQE	QPC_CREATE	RESPONSE	18	2	47	RESERVED_ZERO	-	RAW_DECODE_MUTATION	-	READY_OK	CMQ_COMPLETION_CODEC	REJECT	CODEC_ERROR	0	1	cmq_cqe_qpc_create_response
cmq_cqe_qpc_create_response	CMQ_CQE	QPC_CREATE	RESPONSE	17	2	48	RESERVED_ZERO	-	RAW_DECODE_MUTATION	-	READY_OK	CMQ_COMPLETION_CODEC	REJECT	CODEC_ERROR	0	1	cmq_cqe_qpc_create_response
cmq_cqe_qpc_create_response	CMQ_CQE	QPC_CREATE	RESPONSE	17	2	49	RESERVED_ZERO	-	RAW_DECODE_MUTATION	-	READY_OK	CMQ_COMPLETION_CODEC	REJECT	CODEC_ERROR	0	1	cmq_cqe_qpc_create_response
cmq_cqe_qpc_create_response	CMQ_CQE	QPC_CREATE	RESPONSE	17	2	50	RESERVED_ZERO	-	RAW_DECODE_MUTATION	-	READY_OK	CMQ_COMPLETION_CODEC	REJECT	CODEC_ERROR	0	1	cmq_cqe_qpc_create_response
cmq_cqe_qpc_create_response	CMQ_CQE	QPC_CREATE	RESPONSE	17	2	51	RESERVED_ZERO	-	RAW_DECODE_MUTATION	-	READY_OK	CMQ_COMPLETION_CODEC	REJECT	CODEC_ERROR	0	1	cmq_cqe_qpc_create_response
cmq_cqe_qpc_create_response	CMQ_CQE	QPC_CREATE	RESPONSE	17	2	52	RESERVED_ZERO	-	RAW_DECODE_MUTATION	-	READY_OK	CMQ_COMPLETION_CODEC	REJECT	CODEC_ERROR	0	1	cmq_cqe_qpc_create_response
cmq_cqe_qpc_create_response	CMQ_CQE	QPC_CREATE	RESPONSE	17	2	53	RESERVED_ZERO	-	RAW_DECODE_MUTATION	-	READY_OK	CMQ_COMPLETION_CODEC	REJECT	CODEC_ERROR	0	1	cmq_cqe_qpc_create_response
cmq_cqe_qpc_create_response	CMQ_CQE	QPC_CREATE	RESPONSE	17	2	54	RESERVED_ZERO	-	RAW_DECODE_MUTATION	-	READY_OK	CMQ_COMPLETION_CODEC	REJECT	CODEC_ERROR	0	1	cmq_cqe_qpc_create_response
cmq_cqe_qpc_create_response	CMQ_CQE	QPC_CREATE	RESPONSE	17	2	55	RESERVED_ZERO	-	RAW_DECODE_MUTATION	-	READY_OK	CMQ_COMPLETION_CODEC	REJECT	CODEC_ERROR	0	1	cmq_cqe_qpc_create_response
cmq_cqe_qpc_create_response	CMQ_CQE	QPC_CREATE	RESPONSE	16	2	56	RESERVED_ZERO	-	RAW_DECODE_MUTATION	-	READY_OK	CMQ_COMPLETION_CODEC	REJECT	CODEC_ERROR	0	1	cmq_cqe_qpc_create_response
cmq_cqe_qpc_create_response	CMQ_CQE	QPC_CREATE	RESPONSE	16	2	57	RESERVED_ZERO	-	RAW_DECODE_MUTATION	-	READY_OK	CMQ_COMPLETION_CODEC	REJECT	CODEC_ERROR	0	1	cmq_cqe_qpc_create_response
cmq_cqe_qpc_create_response	CMQ_CQE	QPC_CREATE	RESPONSE	16	2	58	RESERVED_ZERO	-	RAW_DECODE_MUTATION	-	READY_OK	CMQ_COMPLETION_CODEC	REJECT	CODEC_ERROR	0	1	cmq_cqe_qpc_create_response
cmq_cqe_qpc_create_response	CMQ_CQE	QPC_CREATE	RESPONSE	16	2	59	RESERVED_ZERO	-	RAW_DECODE_MUTATION	-	READY_OK	CMQ_COMPLETION_CODEC	REJECT	CODEC_ERROR	0	1	cmq_cqe_qpc_create_response
cmq_cqe_qpc_create_response	CMQ_CQE	QPC_CREATE	RESPONSE	16	2	60	RESERVED_ZERO	-	RAW_DECODE_MUTATION	-	READY_OK	CMQ_COMPLETION_CODEC	REJECT	CODEC_ERROR	0	1	cmq_cqe_qpc_create_response
cmq_cqe_qpc_create_response	CMQ_CQE	QPC_CREATE	RESPONSE	16	2	61	RESERVED_ZERO	-	RAW_DECODE_MUTATION	-	READY_OK	CMQ_COMPLETION_CODEC	REJECT	CODEC_ERROR	0	1	cmq_cqe_qpc_create_response
cmq_cqe_qpc_create_response	CMQ_CQE	QPC_CREATE	RESPONSE	16	2	62	RESERVED_ZERO	-	RAW_DECODE_MUTATION	-	READY_OK	CMQ_COMPLETION_CODEC	REJECT	CODEC_ERROR	0	1	cmq_cqe_qpc_create_response
cmq_cqe_qpc_create_response	CMQ_CQE	QPC_CREATE	RESPONSE	16	2	63	RESERVED_ZERO	-	RAW_DECODE_MUTATION	-	READY_OK	CMQ_COMPLETION_CODEC	REJECT	CODEC_ERROR	0	1	cmq_cqe_qpc_create_response
cmq_cqe_qpc_create_response	CMQ_CQE	QPC_CREATE	RESPONSE	31	3	0	RESERVED_ZERO	-	RAW_DECODE_MUTATION	-	READY_OK	CMQ_COMPLETION_CODEC	REJECT	CODEC_ERROR	0	1	cmq_cqe_qpc_create_response
cmq_cqe_qpc_create_response	CMQ_CQE	QPC_CREATE	RESPONSE	31	3	1	RESERVED_ZERO	-	RAW_DECODE_MUTATION	-	READY_OK	CMQ_COMPLETION_CODEC	REJECT	CODEC_ERROR	0	1	cmq_cqe_qpc_create_response
cmq_cqe_qpc_create_response	CMQ_CQE	QPC_CREATE	RESPONSE	31	3	2	RESERVED_ZERO	-	RAW_DECODE_MUTATION	-	READY_OK	CMQ_COMPLETION_CODEC	REJECT	CODEC_ERROR	0	1	cmq_cqe_qpc_create_response
cmq_cqe_qpc_create_response	CMQ_CQE	QPC_CREATE	RESPONSE	31	3	3	RESERVED_ZERO	-	RAW_DECODE_MUTATION	-	READY_OK	CMQ_COMPLETION_CODEC	REJECT	CODEC_ERROR	0	1	cmq_cqe_qpc_create_response
cmq_cqe_qpc_create_response	CMQ_CQE	QPC_CREATE	RESPONSE	31	3	4	RESERVED_ZERO	-	RAW_DECODE_MUTATION	-	READY_OK	CMQ_COMPLETION_CODEC	REJECT	CODEC_ERROR	0	1	cmq_cqe_qpc_create_response
cmq_cqe_qpc_create_response	CMQ_CQE	QPC_CREATE	RESPONSE	31	3	5	RESERVED_ZERO	-	RAW_DECODE_MUTATION	-	READY_OK	CMQ_COMPLETION_CODEC	REJECT	CODEC_ERROR	0	1	cmq_cqe_qpc_create_response
cmq_cqe_qpc_create_response	CMQ_CQE	QPC_CREATE	RESPONSE	31	3	6	RESERVED_ZERO	-	RAW_DECODE_MUTATION	-	READY_OK	CMQ_COMPLETION_CODEC	REJECT	CODEC_ERROR	0	1	cmq_cqe_qpc_create_response
cmq_cqe_qpc_create_response	CMQ_CQE	QPC_CREATE	RESPONSE	31	3	7	RESERVED_ZERO	-	RAW_DECODE_MUTATION	-	READY_OK	CMQ_COMPLETION_CODEC	REJECT	CODEC_ERROR	0	1	cmq_cqe_qpc_create_response
cmq_cqe_qpc_create_response	CMQ_CQE	QPC_CREATE	RESPONSE	30	3	8	RESERVED_ZERO	-	RAW_DECODE_MUTATION	-	READY_OK	CMQ_COMPLETION_CODEC	REJECT	CODEC_ERROR	0	1	cmq_cqe_qpc_create_response
cmq_cqe_qpc_create_response	CMQ_CQE	QPC_CREATE	RESPONSE	30	3	9	RESERVED_ZERO	-	RAW_DECODE_MUTATION	-	READY_OK	CMQ_COMPLETION_CODEC	REJECT	CODEC_ERROR	0	1	cmq_cqe_qpc_create_response
cmq_cqe_qpc_create_response	CMQ_CQE	QPC_CREATE	RESPONSE	30	3	10	RESERVED_ZERO	-	RAW_DECODE_MUTATION	-	READY_OK	CMQ_COMPLETION_CODEC	REJECT	CODEC_ERROR	0	1	cmq_cqe_qpc_create_response
cmq_cqe_qpc_create_response	CMQ_CQE	QPC_CREATE	RESPONSE	30	3	11	RESERVED_ZERO	-	RAW_DECODE_MUTATION	-	READY_OK	CMQ_COMPLETION_CODEC	REJECT	CODEC_ERROR	0	1	cmq_cqe_qpc_create_response
cmq_cqe_qpc_create_response	CMQ_CQE	QPC_CREATE	RESPONSE	30	3	12	RESERVED_ZERO	-	RAW_DECODE_MUTATION	-	READY_OK	CMQ_COMPLETION_CODEC	REJECT	CODEC_ERROR	0	1	cmq_cqe_qpc_create_response
cmq_cqe_qpc_create_response	CMQ_CQE	QPC_CREATE	RESPONSE	30	3	13	RESERVED_ZERO	-	RAW_DECODE_MUTATION	-	READY_OK	CMQ_COMPLETION_CODEC	REJECT	CODEC_ERROR	0	1	cmq_cqe_qpc_create_response
cmq_cqe_qpc_create_response	CMQ_CQE	QPC_CREATE	RESPONSE	30	3	14	RESERVED_ZERO	-	RAW_DECODE_MUTATION	-	READY_OK	CMQ_COMPLETION_CODEC	REJECT	CODEC_ERROR	0	1	cmq_cqe_qpc_create_response
cmq_cqe_qpc_create_response	CMQ_CQE	QPC_CREATE	RESPONSE	30	3	15	RESERVED_ZERO	-	RAW_DECODE_MUTATION	-	READY_OK	CMQ_COMPLETION_CODEC	REJECT	CODEC_ERROR	0	1	cmq_cqe_qpc_create_response
cmq_cqe_qpc_create_response	CMQ_CQE	QPC_CREATE	RESPONSE	29	3	16	RESERVED_ZERO	-	RAW_DECODE_MUTATION	-	READY_OK	CMQ_COMPLETION_CODEC	REJECT	CODEC_ERROR	0	1	cmq_cqe_qpc_create_response
cmq_cqe_qpc_create_response	CMQ_CQE	QPC_CREATE	RESPONSE	29	3	17	RESERVED_ZERO	-	RAW_DECODE_MUTATION	-	READY_OK	CMQ_COMPLETION_CODEC	REJECT	CODEC_ERROR	0	1	cmq_cqe_qpc_create_response
cmq_cqe_qpc_create_response	CMQ_CQE	QPC_CREATE	RESPONSE	29	3	18	RESERVED_ZERO	-	RAW_DECODE_MUTATION	-	READY_OK	CMQ_COMPLETION_CODEC	REJECT	CODEC_ERROR	0	1	cmq_cqe_qpc_create_response
cmq_cqe_qpc_create_response	CMQ_CQE	QPC_CREATE	RESPONSE	29	3	19	RESERVED_ZERO	-	RAW_DECODE_MUTATION	-	READY_OK	CMQ_COMPLETION_CODEC	REJECT	CODEC_ERROR	0	1	cmq_cqe_qpc_create_response
cmq_cqe_qpc_create_response	CMQ_CQE	QPC_CREATE	RESPONSE	29	3	20	RESERVED_ZERO	-	RAW_DECODE_MUTATION	-	READY_OK	CMQ_COMPLETION_CODEC	REJECT	CODEC_ERROR	0	1	cmq_cqe_qpc_create_response
cmq_cqe_qpc_create_response	CMQ_CQE	QPC_CREATE	RESPONSE	29	3	21	RESERVED_ZERO	-	RAW_DECODE_MUTATION	-	READY_OK	CMQ_COMPLETION_CODEC	REJECT	CODEC_ERROR	0	1	cmq_cqe_qpc_create_response
cmq_cqe_qpc_create_response	CMQ_CQE	QPC_CREATE	RESPONSE	29	3	22	RESERVED_ZERO	-	RAW_DECODE_MUTATION	-	READY_OK	CMQ_COMPLETION_CODEC	REJECT	CODEC_ERROR	0	1	cmq_cqe_qpc_create_response
cmq_cqe_qpc_create_response	CMQ_CQE	QPC_CREATE	RESPONSE	29	3	23	RESERVED_ZERO	-	RAW_DECODE_MUTATION	-	READY_OK	CMQ_COMPLETION_CODEC	REJECT	CODEC_ERROR	0	1	cmq_cqe_qpc_create_response
cmq_cqe_qpc_create_response	CMQ_CQE	QPC_CREATE	RESPONSE	28	3	24	RESERVED_ZERO	-	RAW_DECODE_MUTATION	-	READY_OK	CMQ_COMPLETION_CODEC	REJECT	CODEC_ERROR	0	1	cmq_cqe_qpc_create_response
cmq_cqe_qpc_create_response	CMQ_CQE	QPC_CREATE	RESPONSE	28	3	25	RESERVED_ZERO	-	RAW_DECODE_MUTATION	-	READY_OK	CMQ_COMPLETION_CODEC	REJECT	CODEC_ERROR	0	1	cmq_cqe_qpc_create_response
cmq_cqe_qpc_create_response	CMQ_CQE	QPC_CREATE	RESPONSE	28	3	26	RESERVED_ZERO	-	RAW_DECODE_MUTATION	-	READY_OK	CMQ_COMPLETION_CODEC	REJECT	CODEC_ERROR	0	1	cmq_cqe_qpc_create_response
cmq_cqe_qpc_create_response	CMQ_CQE	QPC_CREATE	RESPONSE	28	3	27	RESERVED_ZERO	-	RAW_DECODE_MUTATION	-	READY_OK	CMQ_COMPLETION_CODEC	REJECT	CODEC_ERROR	0	1	cmq_cqe_qpc_create_response
cmq_cqe_qpc_create_response	CMQ_CQE	QPC_CREATE	RESPONSE	28	3	28	RESERVED_ZERO	-	RAW_DECODE_MUTATION	-	READY_OK	CMQ_COMPLETION_CODEC	REJECT	CODEC_ERROR	0	1	cmq_cqe_qpc_create_response
cmq_cqe_qpc_create_response	CMQ_CQE	QPC_CREATE	RESPONSE	28	3	29	RESERVED_ZERO	-	RAW_DECODE_MUTATION	-	READY_OK	CMQ_COMPLETION_CODEC	REJECT	CODEC_ERROR	0	1	cmq_cqe_qpc_create_response
cmq_cqe_qpc_create_response	CMQ_CQE	QPC_CREATE	RESPONSE	28	3	30	RESERVED_ZERO	-	RAW_DECODE_MUTATION	-	READY_OK	CMQ_COMPLETION_CODEC	REJECT	CODEC_ERROR	0	1	cmq_cqe_qpc_create_response
cmq_cqe_qpc_create_response	CMQ_CQE	QPC_CREATE	RESPONSE	28	3	31	RESERVED_ZERO	-	RAW_DECODE_MUTATION	-	READY_OK	CMQ_COMPLETION_CODEC	REJECT	CODEC_ERROR	0	1	cmq_cqe_qpc_create_response
cmq_cqe_qpc_create_response	CMQ_CQE	QPC_CREATE	RESPONSE	27	3	32	RESERVED_ZERO	-	RAW_DECODE_MUTATION	-	READY_OK	CMQ_COMPLETION_CODEC	REJECT	CODEC_ERROR	0	1	cmq_cqe_qpc_create_response
cmq_cqe_qpc_create_response	CMQ_CQE	QPC_CREATE	RESPONSE	27	3	33	RESERVED_ZERO	-	RAW_DECODE_MUTATION	-	READY_OK	CMQ_COMPLETION_CODEC	REJECT	CODEC_ERROR	0	1	cmq_cqe_qpc_create_response
cmq_cqe_qpc_create_response	CMQ_CQE	QPC_CREATE	RESPONSE	27	3	34	RESERVED_ZERO	-	RAW_DECODE_MUTATION	-	READY_OK	CMQ_COMPLETION_CODEC	REJECT	CODEC_ERROR	0	1	cmq_cqe_qpc_create_response
cmq_cqe_qpc_create_response	CMQ_CQE	QPC_CREATE	RESPONSE	27	3	35	RESERVED_ZERO	-	RAW_DECODE_MUTATION	-	READY_OK	CMQ_COMPLETION_CODEC	REJECT	CODEC_ERROR	0	1	cmq_cqe_qpc_create_response
cmq_cqe_qpc_create_response	CMQ_CQE	QPC_CREATE	RESPONSE	27	3	36	RESERVED_ZERO	-	RAW_DECODE_MUTATION	-	READY_OK	CMQ_COMPLETION_CODEC	REJECT	CODEC_ERROR	0	1	cmq_cqe_qpc_create_response
cmq_cqe_qpc_create_response	CMQ_CQE	QPC_CREATE	RESPONSE	27	3	37	RESERVED_ZERO	-	RAW_DECODE_MUTATION	-	READY_OK	CMQ_COMPLETION_CODEC	REJECT	CODEC_ERROR	0	1	cmq_cqe_qpc_create_response
cmq_cqe_qpc_create_response	CMQ_CQE	QPC_CREATE	RESPONSE	27	3	38	RESERVED_ZERO	-	RAW_DECODE_MUTATION	-	READY_OK	CMQ_COMPLETION_CODEC	REJECT	CODEC_ERROR	0	1	cmq_cqe_qpc_create_response
cmq_cqe_qpc_create_response	CMQ_CQE	QPC_CREATE	RESPONSE	27	3	39	RESERVED_ZERO	-	RAW_DECODE_MUTATION	-	READY_OK	CMQ_COMPLETION_CODEC	REJECT	CODEC_ERROR	0	1	cmq_cqe_qpc_create_response
cmq_cqe_qpc_create_response	CMQ_CQE	QPC_CREATE	RESPONSE	26	3	40	RESERVED_ZERO	-	RAW_DECODE_MUTATION	-	READY_OK	CMQ_COMPLETION_CODEC	REJECT	CODEC_ERROR	0	1	cmq_cqe_qpc_create_response
cmq_cqe_qpc_create_response	CMQ_CQE	QPC_CREATE	RESPONSE	26	3	41	RESERVED_ZERO	-	RAW_DECODE_MUTATION	-	READY_OK	CMQ_COMPLETION_CODEC	REJECT	CODEC_ERROR	0	1	cmq_cqe_qpc_create_response
cmq_cqe_qpc_create_response	CMQ_CQE	QPC_CREATE	RESPONSE	26	3	42	RESERVED_ZERO	-	RAW_DECODE_MUTATION	-	READY_OK	CMQ_COMPLETION_CODEC	REJECT	CODEC_ERROR	0	1	cmq_cqe_qpc_create_response
cmq_cqe_qpc_create_response	CMQ_CQE	QPC_CREATE	RESPONSE	26	3	43	RESERVED_ZERO	-	RAW_DECODE_MUTATION	-	READY_OK	CMQ_COMPLETION_CODEC	REJECT	CODEC_ERROR	0	1	cmq_cqe_qpc_create_response
cmq_cqe_qpc_create_response	CMQ_CQE	QPC_CREATE	RESPONSE	26	3	44	RESERVED_ZERO	-	RAW_DECODE_MUTATION	-	READY_OK	CMQ_COMPLETION_CODEC	REJECT	CODEC_ERROR	0	1	cmq_cqe_qpc_create_response
cmq_cqe_qpc_create_response	CMQ_CQE	QPC_CREATE	RESPONSE	26	3	45	RESERVED_ZERO	-	RAW_DECODE_MUTATION	-	READY_OK	CMQ_COMPLETION_CODEC	REJECT	CODEC_ERROR	0	1	cmq_cqe_qpc_create_response
cmq_cqe_qpc_create_response	CMQ_CQE	QPC_CREATE	RESPONSE	26	3	46	RESERVED_ZERO	-	RAW_DECODE_MUTATION	-	READY_OK	CMQ_COMPLETION_CODEC	REJECT	CODEC_ERROR	0	1	cmq_cqe_qpc_create_response
cmq_cqe_qpc_create_response	CMQ_CQE	QPC_CREATE	RESPONSE	26	3	47	RESERVED_ZERO	-	RAW_DECODE_MUTATION	-	READY_OK	CMQ_COMPLETION_CODEC	REJECT	CODEC_ERROR	0	1	cmq_cqe_qpc_create_response
cmq_cqe_qpc_create_response	CMQ_CQE	QPC_CREATE	RESPONSE	25	3	48	RESERVED_ZERO	-	RAW_DECODE_MUTATION	-	READY_OK	CMQ_COMPLETION_CODEC	REJECT	CODEC_ERROR	0	1	cmq_cqe_qpc_create_response
cmq_cqe_qpc_create_response	CMQ_CQE	QPC_CREATE	RESPONSE	25	3	49	RESERVED_ZERO	-	RAW_DECODE_MUTATION	-	READY_OK	CMQ_COMPLETION_CODEC	REJECT	CODEC_ERROR	0	1	cmq_cqe_qpc_create_response
cmq_cqe_qpc_create_response	CMQ_CQE	QPC_CREATE	RESPONSE	25	3	50	RESERVED_ZERO	-	RAW_DECODE_MUTATION	-	READY_OK	CMQ_COMPLETION_CODEC	REJECT	CODEC_ERROR	0	1	cmq_cqe_qpc_create_response
cmq_cqe_qpc_create_response	CMQ_CQE	QPC_CREATE	RESPONSE	25	3	51	RESERVED_ZERO	-	RAW_DECODE_MUTATION	-	READY_OK	CMQ_COMPLETION_CODEC	REJECT	CODEC_ERROR	0	1	cmq_cqe_qpc_create_response
cmq_cqe_qpc_create_response	CMQ_CQE	QPC_CREATE	RESPONSE	25	3	52	RESERVED_ZERO	-	RAW_DECODE_MUTATION	-	READY_OK	CMQ_COMPLETION_CODEC	REJECT	CODEC_ERROR	0	1	cmq_cqe_qpc_create_response
cmq_cqe_qpc_create_response	CMQ_CQE	QPC_CREATE	RESPONSE	25	3	53	RESERVED_ZERO	-	RAW_DECODE_MUTATION	-	READY_OK	CMQ_COMPLETION_CODEC	REJECT	CODEC_ERROR	0	1	cmq_cqe_qpc_create_response
cmq_cqe_qpc_create_response	CMQ_CQE	QPC_CREATE	RESPONSE	25	3	54	RESERVED_ZERO	-	RAW_DECODE_MUTATION	-	READY_OK	CMQ_COMPLETION_CODEC	REJECT	CODEC_ERROR	0	1	cmq_cqe_qpc_create_response
cmq_cqe_qpc_create_response	CMQ_CQE	QPC_CREATE	RESPONSE	25	3	55	RESERVED_ZERO	-	RAW_DECODE_MUTATION	-	READY_OK	CMQ_COMPLETION_CODEC	REJECT	CODEC_ERROR	0	1	cmq_cqe_qpc_create_response
cmq_cqe_qpc_create_response	CMQ_CQE	QPC_CREATE	RESPONSE	24	3	56	RESERVED_ZERO	-	RAW_DECODE_MUTATION	-	READY_OK	CMQ_COMPLETION_CODEC	REJECT	CODEC_ERROR	0	1	cmq_cqe_qpc_create_response
cmq_cqe_qpc_create_response	CMQ_CQE	QPC_CREATE	RESPONSE	24	3	57	RESERVED_ZERO	-	RAW_DECODE_MUTATION	-	READY_OK	CMQ_COMPLETION_CODEC	REJECT	CODEC_ERROR	0	1	cmq_cqe_qpc_create_response
cmq_cqe_qpc_create_response	CMQ_CQE	QPC_CREATE	RESPONSE	24	3	58	RESERVED_ZERO	-	RAW_DECODE_MUTATION	-	READY_OK	CMQ_COMPLETION_CODEC	REJECT	CODEC_ERROR	0	1	cmq_cqe_qpc_create_response
cmq_cqe_qpc_create_response	CMQ_CQE	QPC_CREATE	RESPONSE	24	3	59	RESERVED_ZERO	-	RAW_DECODE_MUTATION	-	READY_OK	CMQ_COMPLETION_CODEC	REJECT	CODEC_ERROR	0	1	cmq_cqe_qpc_create_response
cmq_cqe_qpc_create_response	CMQ_CQE	QPC_CREATE	RESPONSE	24	3	60	RESERVED_ZERO	-	RAW_DECODE_MUTATION	-	READY_OK	CMQ_COMPLETION_CODEC	REJECT	CODEC_ERROR	0	1	cmq_cqe_qpc_create_response
cmq_cqe_qpc_create_response	CMQ_CQE	QPC_CREATE	RESPONSE	24	3	61	RESERVED_ZERO	-	RAW_DECODE_MUTATION	-	READY_OK	CMQ_COMPLETION_CODEC	REJECT	CODEC_ERROR	0	1	cmq_cqe_qpc_create_response
cmq_cqe_qpc_create_response	CMQ_CQE	QPC_CREATE	RESPONSE	24	3	62	RESERVED_ZERO	-	RAW_DECODE_MUTATION	-	READY_OK	CMQ_COMPLETION_CODEC	REJECT	CODEC_ERROR	0	1	cmq_cqe_qpc_create_response
cmq_cqe_qpc_create_response	CMQ_CQE	QPC_CREATE	RESPONSE	24	3	63	RESERVED_ZERO	-	RAW_DECODE_MUTATION	-	READY_OK	CMQ_COMPLETION_CODEC	REJECT	CODEC_ERROR	0	1	cmq_cqe_qpc_create_response
cmq_cqe_qpc_create_response	CMQ_CQE	QPC_CREATE	RESPONSE	39	4	0	RESERVED_ZERO	-	RAW_DECODE_MUTATION	-	READY_OK	CMQ_COMPLETION_CODEC	REJECT	CODEC_ERROR	0	1	cmq_cqe_qpc_create_response
cmq_cqe_qpc_create_response	CMQ_CQE	QPC_CREATE	RESPONSE	39	4	1	RESERVED_ZERO	-	RAW_DECODE_MUTATION	-	READY_OK	CMQ_COMPLETION_CODEC	REJECT	CODEC_ERROR	0	1	cmq_cqe_qpc_create_response
cmq_cqe_qpc_create_response	CMQ_CQE	QPC_CREATE	RESPONSE	39	4	2	RESERVED_ZERO	-	RAW_DECODE_MUTATION	-	READY_OK	CMQ_COMPLETION_CODEC	REJECT	CODEC_ERROR	0	1	cmq_cqe_qpc_create_response
cmq_cqe_qpc_create_response	CMQ_CQE	QPC_CREATE	RESPONSE	39	4	3	RESERVED_ZERO	-	RAW_DECODE_MUTATION	-	READY_OK	CMQ_COMPLETION_CODEC	REJECT	CODEC_ERROR	0	1	cmq_cqe_qpc_create_response
cmq_cqe_qpc_create_response	CMQ_CQE	QPC_CREATE	RESPONSE	39	4	4	RESERVED_ZERO	-	RAW_DECODE_MUTATION	-	READY_OK	CMQ_COMPLETION_CODEC	REJECT	CODEC_ERROR	0	1	cmq_cqe_qpc_create_response
cmq_cqe_qpc_create_response	CMQ_CQE	QPC_CREATE	RESPONSE	39	4	5	RESERVED_ZERO	-	RAW_DECODE_MUTATION	-	READY_OK	CMQ_COMPLETION_CODEC	REJECT	CODEC_ERROR	0	1	cmq_cqe_qpc_create_response
cmq_cqe_qpc_create_response	CMQ_CQE	QPC_CREATE	RESPONSE	39	4	6	RESERVED_ZERO	-	RAW_DECODE_MUTATION	-	READY_OK	CMQ_COMPLETION_CODEC	REJECT	CODEC_ERROR	0	1	cmq_cqe_qpc_create_response
cmq_cqe_qpc_create_response	CMQ_CQE	QPC_CREATE	RESPONSE	39	4	7	RESERVED_ZERO	-	RAW_DECODE_MUTATION	-	READY_OK	CMQ_COMPLETION_CODEC	REJECT	CODEC_ERROR	0	1	cmq_cqe_qpc_create_response
cmq_cqe_qpc_create_response	CMQ_CQE	QPC_CREATE	RESPONSE	38	4	8	RESERVED_ZERO	-	RAW_DECODE_MUTATION	-	READY_OK	CMQ_COMPLETION_CODEC	REJECT	CODEC_ERROR	0	1	cmq_cqe_qpc_create_response
cmq_cqe_qpc_create_response	CMQ_CQE	QPC_CREATE	RESPONSE	38	4	9	RESERVED_ZERO	-	RAW_DECODE_MUTATION	-	READY_OK	CMQ_COMPLETION_CODEC	REJECT	CODEC_ERROR	0	1	cmq_cqe_qpc_create_response
cmq_cqe_qpc_create_response	CMQ_CQE	QPC_CREATE	RESPONSE	38	4	10	RESERVED_ZERO	-	RAW_DECODE_MUTATION	-	READY_OK	CMQ_COMPLETION_CODEC	REJECT	CODEC_ERROR	0	1	cmq_cqe_qpc_create_response
cmq_cqe_qpc_create_response	CMQ_CQE	QPC_CREATE	RESPONSE	38	4	11	RESERVED_ZERO	-	RAW_DECODE_MUTATION	-	READY_OK	CMQ_COMPLETION_CODEC	REJECT	CODEC_ERROR	0	1	cmq_cqe_qpc_create_response
cmq_cqe_qpc_create_response	CMQ_CQE	QPC_CREATE	RESPONSE	38	4	12	RESERVED_ZERO	-	RAW_DECODE_MUTATION	-	READY_OK	CMQ_COMPLETION_CODEC	REJECT	CODEC_ERROR	0	1	cmq_cqe_qpc_create_response
cmq_cqe_qpc_create_response	CMQ_CQE	QPC_CREATE	RESPONSE	38	4	13	RESERVED_ZERO	-	RAW_DECODE_MUTATION	-	READY_OK	CMQ_COMPLETION_CODEC	REJECT	CODEC_ERROR	0	1	cmq_cqe_qpc_create_response
cmq_cqe_qpc_create_response	CMQ_CQE	QPC_CREATE	RESPONSE	38	4	14	RESERVED_ZERO	-	RAW_DECODE_MUTATION	-	READY_OK	CMQ_COMPLETION_CODEC	REJECT	CODEC_ERROR	0	1	cmq_cqe_qpc_create_response
cmq_cqe_qpc_create_response	CMQ_CQE	QPC_CREATE	RESPONSE	38	4	15	RESERVED_ZERO	-	RAW_DECODE_MUTATION	-	READY_OK	CMQ_COMPLETION_CODEC	REJECT	CODEC_ERROR	0	1	cmq_cqe_qpc_create_response
cmq_cqe_qpc_create_response	CMQ_CQE	QPC_CREATE	RESPONSE	37	4	16	RESERVED_ZERO	-	RAW_DECODE_MUTATION	-	READY_OK	CMQ_COMPLETION_CODEC	REJECT	CODEC_ERROR	0	1	cmq_cqe_qpc_create_response
cmq_cqe_qpc_create_response	CMQ_CQE	QPC_CREATE	RESPONSE	37	4	17	RESERVED_ZERO	-	RAW_DECODE_MUTATION	-	READY_OK	CMQ_COMPLETION_CODEC	REJECT	CODEC_ERROR	0	1	cmq_cqe_qpc_create_response
cmq_cqe_qpc_create_response	CMQ_CQE	QPC_CREATE	RESPONSE	37	4	18	RESERVED_ZERO	-	RAW_DECODE_MUTATION	-	READY_OK	CMQ_COMPLETION_CODEC	REJECT	CODEC_ERROR	0	1	cmq_cqe_qpc_create_response
cmq_cqe_qpc_create_response	CMQ_CQE	QPC_CREATE	RESPONSE	37	4	19	RESERVED_ZERO	-	RAW_DECODE_MUTATION	-	READY_OK	CMQ_COMPLETION_CODEC	REJECT	CODEC_ERROR	0	1	cmq_cqe_qpc_create_response
cmq_cqe_qpc_create_response	CMQ_CQE	QPC_CREATE	RESPONSE	37	4	20	RESERVED_ZERO	-	RAW_DECODE_MUTATION	-	READY_OK	CMQ_COMPLETION_CODEC	REJECT	CODEC_ERROR	0	1	cmq_cqe_qpc_create_response
cmq_cqe_qpc_create_response	CMQ_CQE	QPC_CREATE	RESPONSE	37	4	21	RESERVED_ZERO	-	RAW_DECODE_MUTATION	-	READY_OK	CMQ_COMPLETION_CODEC	REJECT	CODEC_ERROR	0	1	cmq_cqe_qpc_create_response
cmq_cqe_qpc_create_response	CMQ_CQE	QPC_CREATE	RESPONSE	37	4	22	RESERVED_ZERO	-	RAW_DECODE_MUTATION	-	READY_OK	CMQ_COMPLETION_CODEC	REJECT	CODEC_ERROR	0	1	cmq_cqe_qpc_create_response
cmq_cqe_qpc_create_response	CMQ_CQE	QPC_CREATE	RESPONSE	37	4	23	RESERVED_ZERO	-	RAW_DECODE_MUTATION	-	READY_OK	CMQ_COMPLETION_CODEC	REJECT	CODEC_ERROR	0	1	cmq_cqe_qpc_create_response
cmq_cqe_qpc_create_response	CMQ_CQE	QPC_CREATE	RESPONSE	36	4	24	RESERVED_ZERO	-	RAW_DECODE_MUTATION	-	READY_OK	CMQ_COMPLETION_CODEC	REJECT	CODEC_ERROR	0	1	cmq_cqe_qpc_create_response
cmq_cqe_qpc_create_response	CMQ_CQE	QPC_CREATE	RESPONSE	36	4	25	RESERVED_ZERO	-	RAW_DECODE_MUTATION	-	READY_OK	CMQ_COMPLETION_CODEC	REJECT	CODEC_ERROR	0	1	cmq_cqe_qpc_create_response
cmq_cqe_qpc_create_response	CMQ_CQE	QPC_CREATE	RESPONSE	36	4	26	RESERVED_ZERO	-	RAW_DECODE_MUTATION	-	READY_OK	CMQ_COMPLETION_CODEC	REJECT	CODEC_ERROR	0	1	cmq_cqe_qpc_create_response
cmq_cqe_qpc_create_response	CMQ_CQE	QPC_CREATE	RESPONSE	36	4	27	RESERVED_ZERO	-	RAW_DECODE_MUTATION	-	READY_OK	CMQ_COMPLETION_CODEC	REJECT	CODEC_ERROR	0	1	cmq_cqe_qpc_create_response
cmq_cqe_qpc_create_response	CMQ_CQE	QPC_CREATE	RESPONSE	36	4	28	RESERVED_ZERO	-	RAW_DECODE_MUTATION	-	READY_OK	CMQ_COMPLETION_CODEC	REJECT	CODEC_ERROR	0	1	cmq_cqe_qpc_create_response
cmq_cqe_qpc_create_response	CMQ_CQE	QPC_CREATE	RESPONSE	36	4	29	RESERVED_ZERO	-	RAW_DECODE_MUTATION	-	READY_OK	CMQ_COMPLETION_CODEC	REJECT	CODEC_ERROR	0	1	cmq_cqe_qpc_create_response
cmq_cqe_qpc_create_response	CMQ_CQE	QPC_CREATE	RESPONSE	36	4	30	RESERVED_ZERO	-	RAW_DECODE_MUTATION	-	READY_OK	CMQ_COMPLETION_CODEC	REJECT	CODEC_ERROR	0	1	cmq_cqe_qpc_create_response
cmq_cqe_qpc_create_response	CMQ_CQE	QPC_CREATE	RESPONSE	36	4	31	RESERVED_ZERO	-	RAW_DECODE_MUTATION	-	READY_OK	CMQ_COMPLETION_CODEC	REJECT	CODEC_ERROR	0	1	cmq_cqe_qpc_create_response
cmq_cqe_qpc_create_response	CMQ_CQE	QPC_CREATE	RESPONSE	35	4	32	RESERVED_ZERO	-	RAW_DECODE_MUTATION	-	READY_OK	CMQ_COMPLETION_CODEC	REJECT	CODEC_ERROR	0	1	cmq_cqe_qpc_create_response
cmq_cqe_qpc_create_response	CMQ_CQE	QPC_CREATE	RESPONSE	35	4	33	RESERVED_ZERO	-	RAW_DECODE_MUTATION	-	READY_OK	CMQ_COMPLETION_CODEC	REJECT	CODEC_ERROR	0	1	cmq_cqe_qpc_create_response
cmq_cqe_qpc_create_response	CMQ_CQE	QPC_CREATE	RESPONSE	35	4	34	RESERVED_ZERO	-	RAW_DECODE_MUTATION	-	READY_OK	CMQ_COMPLETION_CODEC	REJECT	CODEC_ERROR	0	1	cmq_cqe_qpc_create_response
cmq_cqe_qpc_create_response	CMQ_CQE	QPC_CREATE	RESPONSE	35	4	35	RESERVED_ZERO	-	RAW_DECODE_MUTATION	-	READY_OK	CMQ_COMPLETION_CODEC	REJECT	CODEC_ERROR	0	1	cmq_cqe_qpc_create_response
cmq_cqe_qpc_create_response	CMQ_CQE	QPC_CREATE	RESPONSE	35	4	36	RESERVED_ZERO	-	RAW_DECODE_MUTATION	-	READY_OK	CMQ_COMPLETION_CODEC	REJECT	CODEC_ERROR	0	1	cmq_cqe_qpc_create_response
cmq_cqe_qpc_create_response	CMQ_CQE	QPC_CREATE	RESPONSE	35	4	37	RESERVED_ZERO	-	RAW_DECODE_MUTATION	-	READY_OK	CMQ_COMPLETION_CODEC	REJECT	CODEC_ERROR	0	1	cmq_cqe_qpc_create_response
cmq_cqe_qpc_create_response	CMQ_CQE	QPC_CREATE	RESPONSE	35	4	38	RESERVED_ZERO	-	RAW_DECODE_MUTATION	-	READY_OK	CMQ_COMPLETION_CODEC	REJECT	CODEC_ERROR	0	1	cmq_cqe_qpc_create_response
cmq_cqe_qpc_create_response	CMQ_CQE	QPC_CREATE	RESPONSE	35	4	39	RESERVED_ZERO	-	RAW_DECODE_MUTATION	-	READY_OK	CMQ_COMPLETION_CODEC	REJECT	CODEC_ERROR	0	1	cmq_cqe_qpc_create_response
cmq_cqe_qpc_create_response	CMQ_CQE	QPC_CREATE	RESPONSE	34	4	40	RESERVED_ZERO	-	RAW_DECODE_MUTATION	-	READY_OK	CMQ_COMPLETION_CODEC	REJECT	CODEC_ERROR	0	1	cmq_cqe_qpc_create_response
cmq_cqe_qpc_create_response	CMQ_CQE	QPC_CREATE	RESPONSE	34	4	41	RESERVED_ZERO	-	RAW_DECODE_MUTATION	-	READY_OK	CMQ_COMPLETION_CODEC	REJECT	CODEC_ERROR	0	1	cmq_cqe_qpc_create_response
cmq_cqe_qpc_create_response	CMQ_CQE	QPC_CREATE	RESPONSE	34	4	42	RESERVED_ZERO	-	RAW_DECODE_MUTATION	-	READY_OK	CMQ_COMPLETION_CODEC	REJECT	CODEC_ERROR	0	1	cmq_cqe_qpc_create_response
cmq_cqe_qpc_create_response	CMQ_CQE	QPC_CREATE	RESPONSE	34	4	43	RESERVED_ZERO	-	RAW_DECODE_MUTATION	-	READY_OK	CMQ_COMPLETION_CODEC	REJECT	CODEC_ERROR	0	1	cmq_cqe_qpc_create_response
cmq_cqe_qpc_create_response	CMQ_CQE	QPC_CREATE	RESPONSE	34	4	44	RESERVED_ZERO	-	RAW_DECODE_MUTATION	-	READY_OK	CMQ_COMPLETION_CODEC	REJECT	CODEC_ERROR	0	1	cmq_cqe_qpc_create_response
cmq_cqe_qpc_create_response	CMQ_CQE	QPC_CREATE	RESPONSE	34	4	45	RESERVED_ZERO	-	RAW_DECODE_MUTATION	-	READY_OK	CMQ_COMPLETION_CODEC	REJECT	CODEC_ERROR	0	1	cmq_cqe_qpc_create_response
cmq_cqe_qpc_create_response	CMQ_CQE	QPC_CREATE	RESPONSE	34	4	46	RESERVED_ZERO	-	RAW_DECODE_MUTATION	-	READY_OK	CMQ_COMPLETION_CODEC	REJECT	CODEC_ERROR	0	1	cmq_cqe_qpc_create_response
cmq_cqe_qpc_create_response	CMQ_CQE	QPC_CREATE	RESPONSE	34	4	47	RESERVED_ZERO	-	RAW_DECODE_MUTATION	-	READY_OK	CMQ_COMPLETION_CODEC	REJECT	CODEC_ERROR	0	1	cmq_cqe_qpc_create_response
cmq_cqe_qpc_create_response	CMQ_CQE	QPC_CREATE	RESPONSE	33	4	48	RESERVED_ZERO	-	RAW_DECODE_MUTATION	-	READY_OK	CMQ_COMPLETION_CODEC	REJECT	CODEC_ERROR	0	1	cmq_cqe_qpc_create_response
cmq_cqe_qpc_create_response	CMQ_CQE	QPC_CREATE	RESPONSE	33	4	49	RESERVED_ZERO	-	RAW_DECODE_MUTATION	-	READY_OK	CMQ_COMPLETION_CODEC	REJECT	CODEC_ERROR	0	1	cmq_cqe_qpc_create_response
cmq_cqe_qpc_create_response	CMQ_CQE	QPC_CREATE	RESPONSE	33	4	50	RESERVED_ZERO	-	RAW_DECODE_MUTATION	-	READY_OK	CMQ_COMPLETION_CODEC	REJECT	CODEC_ERROR	0	1	cmq_cqe_qpc_create_response
cmq_cqe_qpc_create_response	CMQ_CQE	QPC_CREATE	RESPONSE	33	4	51	RESERVED_ZERO	-	RAW_DECODE_MUTATION	-	READY_OK	CMQ_COMPLETION_CODEC	REJECT	CODEC_ERROR	0	1	cmq_cqe_qpc_create_response
cmq_cqe_qpc_create_response	CMQ_CQE	QPC_CREATE	RESPONSE	33	4	52	RESERVED_ZERO	-	RAW_DECODE_MUTATION	-	READY_OK	CMQ_COMPLETION_CODEC	REJECT	CODEC_ERROR	0	1	cmq_cqe_qpc_create_response
cmq_cqe_qpc_create_response	CMQ_CQE	QPC_CREATE	RESPONSE	33	4	53	RESERVED_ZERO	-	RAW_DECODE_MUTATION	-	READY_OK	CMQ_COMPLETION_CODEC	REJECT	CODEC_ERROR	0	1	cmq_cqe_qpc_create_response
cmq_cqe_qpc_create_response	CMQ_CQE	QPC_CREATE	RESPONSE	33	4	54	RESERVED_ZERO	-	RAW_DECODE_MUTATION	-	READY_OK	CMQ_COMPLETION_CODEC	REJECT	CODEC_ERROR	0	1	cmq_cqe_qpc_create_response
cmq_cqe_qpc_create_response	CMQ_CQE	QPC_CREATE	RESPONSE	33	4	55	RESERVED_ZERO	-	RAW_DECODE_MUTATION	-	READY_OK	CMQ_COMPLETION_CODEC	REJECT	CODEC_ERROR	0	1	cmq_cqe_qpc_create_response
cmq_cqe_qpc_create_response	CMQ_CQE	QPC_CREATE	RESPONSE	32	4	56	RESERVED_ZERO	-	RAW_DECODE_MUTATION	-	READY_OK	CMQ_COMPLETION_CODEC	REJECT	CODEC_ERROR	0	1	cmq_cqe_qpc_create_response
cmq_cqe_qpc_create_response	CMQ_CQE	QPC_CREATE	RESPONSE	32	4	57	RESERVED_ZERO	-	RAW_DECODE_MUTATION	-	READY_OK	CMQ_COMPLETION_CODEC	REJECT	CODEC_ERROR	0	1	cmq_cqe_qpc_create_response
cmq_cqe_qpc_create_response	CMQ_CQE	QPC_CREATE	RESPONSE	32	4	58	RESERVED_ZERO	-	RAW_DECODE_MUTATION	-	READY_OK	CMQ_COMPLETION_CODEC	REJECT	CODEC_ERROR	0	1	cmq_cqe_qpc_create_response
cmq_cqe_qpc_create_response	CMQ_CQE	QPC_CREATE	RESPONSE	32	4	59	RESERVED_ZERO	-	RAW_DECODE_MUTATION	-	READY_OK	CMQ_COMPLETION_CODEC	REJECT	CODEC_ERROR	0	1	cmq_cqe_qpc_create_response
cmq_cqe_qpc_create_response	CMQ_CQE	QPC_CREATE	RESPONSE	32	4	60	RESERVED_ZERO	-	RAW_DECODE_MUTATION	-	READY_OK	CMQ_COMPLETION_CODEC	REJECT	CODEC_ERROR	0	1	cmq_cqe_qpc_create_response
cmq_cqe_qpc_create_response	CMQ_CQE	QPC_CREATE	RESPONSE	32	4	61	RESERVED_ZERO	-	RAW_DECODE_MUTATION	-	READY_OK	CMQ_COMPLETION_CODEC	REJECT	CODEC_ERROR	0	1	cmq_cqe_qpc_create_response
cmq_cqe_qpc_create_response	CMQ_CQE	QPC_CREATE	RESPONSE	32	4	62	RESERVED_ZERO	-	RAW_DECODE_MUTATION	-	READY_OK	CMQ_COMPLETION_CODEC	REJECT	CODEC_ERROR	0	1	cmq_cqe_qpc_create_response
cmq_cqe_qpc_create_response	CMQ_CQE	QPC_CREATE	RESPONSE	32	4	63	RESERVED_ZERO	-	RAW_DECODE_MUTATION	-	READY_OK	CMQ_COMPLETION_CODEC	REJECT	CODEC_ERROR	0	1	cmq_cqe_qpc_create_response
cmq_cqe_qpc_create_response	CMQ_CQE	QPC_CREATE	RESPONSE	47	5	0	RESERVED_ZERO	-	RAW_DECODE_MUTATION	-	READY_OK	CMQ_COMPLETION_CODEC	REJECT	CODEC_ERROR	0	1	cmq_cqe_qpc_create_response
cmq_cqe_qpc_create_response	CMQ_CQE	QPC_CREATE	RESPONSE	47	5	1	RESERVED_ZERO	-	RAW_DECODE_MUTATION	-	READY_OK	CMQ_COMPLETION_CODEC	REJECT	CODEC_ERROR	0	1	cmq_cqe_qpc_create_response
cmq_cqe_qpc_create_response	CMQ_CQE	QPC_CREATE	RESPONSE	47	5	2	RESERVED_ZERO	-	RAW_DECODE_MUTATION	-	READY_OK	CMQ_COMPLETION_CODEC	REJECT	CODEC_ERROR	0	1	cmq_cqe_qpc_create_response
cmq_cqe_qpc_create_response	CMQ_CQE	QPC_CREATE	RESPONSE	47	5	3	RESERVED_ZERO	-	RAW_DECODE_MUTATION	-	READY_OK	CMQ_COMPLETION_CODEC	REJECT	CODEC_ERROR	0	1	cmq_cqe_qpc_create_response
cmq_cqe_qpc_create_response	CMQ_CQE	QPC_CREATE	RESPONSE	47	5	4	RESERVED_ZERO	-	RAW_DECODE_MUTATION	-	READY_OK	CMQ_COMPLETION_CODEC	REJECT	CODEC_ERROR	0	1	cmq_cqe_qpc_create_response
cmq_cqe_qpc_create_response	CMQ_CQE	QPC_CREATE	RESPONSE	47	5	5	RESERVED_ZERO	-	RAW_DECODE_MUTATION	-	READY_OK	CMQ_COMPLETION_CODEC	REJECT	CODEC_ERROR	0	1	cmq_cqe_qpc_create_response
cmq_cqe_qpc_create_response	CMQ_CQE	QPC_CREATE	RESPONSE	47	5	6	RESERVED_ZERO	-	RAW_DECODE_MUTATION	-	READY_OK	CMQ_COMPLETION_CODEC	REJECT	CODEC_ERROR	0	1	cmq_cqe_qpc_create_response
cmq_cqe_qpc_create_response	CMQ_CQE	QPC_CREATE	RESPONSE	47	5	7	RESERVED_ZERO	-	RAW_DECODE_MUTATION	-	READY_OK	CMQ_COMPLETION_CODEC	REJECT	CODEC_ERROR	0	1	cmq_cqe_qpc_create_response
cmq_cqe_qpc_create_response	CMQ_CQE	QPC_CREATE	RESPONSE	46	5	8	RESERVED_ZERO	-	RAW_DECODE_MUTATION	-	READY_OK	CMQ_COMPLETION_CODEC	REJECT	CODEC_ERROR	0	1	cmq_cqe_qpc_create_response
cmq_cqe_qpc_create_response	CMQ_CQE	QPC_CREATE	RESPONSE	46	5	9	RESERVED_ZERO	-	RAW_DECODE_MUTATION	-	READY_OK	CMQ_COMPLETION_CODEC	REJECT	CODEC_ERROR	0	1	cmq_cqe_qpc_create_response
cmq_cqe_qpc_create_response	CMQ_CQE	QPC_CREATE	RESPONSE	46	5	10	RESERVED_ZERO	-	RAW_DECODE_MUTATION	-	READY_OK	CMQ_COMPLETION_CODEC	REJECT	CODEC_ERROR	0	1	cmq_cqe_qpc_create_response
cmq_cqe_qpc_create_response	CMQ_CQE	QPC_CREATE	RESPONSE	46	5	11	RESERVED_ZERO	-	RAW_DECODE_MUTATION	-	READY_OK	CMQ_COMPLETION_CODEC	REJECT	CODEC_ERROR	0	1	cmq_cqe_qpc_create_response
cmq_cqe_qpc_create_response	CMQ_CQE	QPC_CREATE	RESPONSE	46	5	12	RESERVED_ZERO	-	RAW_DECODE_MUTATION	-	READY_OK	CMQ_COMPLETION_CODEC	REJECT	CODEC_ERROR	0	1	cmq_cqe_qpc_create_response
cmq_cqe_qpc_create_response	CMQ_CQE	QPC_CREATE	RESPONSE	46	5	13	RESERVED_ZERO	-	RAW_DECODE_MUTATION	-	READY_OK	CMQ_COMPLETION_CODEC	REJECT	CODEC_ERROR	0	1	cmq_cqe_qpc_create_response
cmq_cqe_qpc_create_response	CMQ_CQE	QPC_CREATE	RESPONSE	46	5	14	RESERVED_ZERO	-	RAW_DECODE_MUTATION	-	READY_OK	CMQ_COMPLETION_CODEC	REJECT	CODEC_ERROR	0	1	cmq_cqe_qpc_create_response
cmq_cqe_qpc_create_response	CMQ_CQE	QPC_CREATE	RESPONSE	46	5	15	RESERVED_ZERO	-	RAW_DECODE_MUTATION	-	READY_OK	CMQ_COMPLETION_CODEC	REJECT	CODEC_ERROR	0	1	cmq_cqe_qpc_create_response
cmq_cqe_qpc_create_response	CMQ_CQE	QPC_CREATE	RESPONSE	45	5	16	RESERVED_ZERO	-	RAW_DECODE_MUTATION	-	READY_OK	CMQ_COMPLETION_CODEC	REJECT	CODEC_ERROR	0	1	cmq_cqe_qpc_create_response
cmq_cqe_qpc_create_response	CMQ_CQE	QPC_CREATE	RESPONSE	45	5	17	RESERVED_ZERO	-	RAW_DECODE_MUTATION	-	READY_OK	CMQ_COMPLETION_CODEC	REJECT	CODEC_ERROR	0	1	cmq_cqe_qpc_create_response
cmq_cqe_qpc_create_response	CMQ_CQE	QPC_CREATE	RESPONSE	45	5	18	RESERVED_ZERO	-	RAW_DECODE_MUTATION	-	READY_OK	CMQ_COMPLETION_CODEC	REJECT	CODEC_ERROR	0	1	cmq_cqe_qpc_create_response
cmq_cqe_qpc_create_response	CMQ_CQE	QPC_CREATE	RESPONSE	45	5	19	RESERVED_ZERO	-	RAW_DECODE_MUTATION	-	READY_OK	CMQ_COMPLETION_CODEC	REJECT	CODEC_ERROR	0	1	cmq_cqe_qpc_create_response
cmq_cqe_qpc_create_response	CMQ_CQE	QPC_CREATE	RESPONSE	45	5	20	RESERVED_ZERO	-	RAW_DECODE_MUTATION	-	READY_OK	CMQ_COMPLETION_CODEC	REJECT	CODEC_ERROR	0	1	cmq_cqe_qpc_create_response
cmq_cqe_qpc_create_response	CMQ_CQE	QPC_CREATE	RESPONSE	45	5	21	RESERVED_ZERO	-	RAW_DECODE_MUTATION	-	READY_OK	CMQ_COMPLETION_CODEC	REJECT	CODEC_ERROR	0	1	cmq_cqe_qpc_create_response
cmq_cqe_qpc_create_response	CMQ_CQE	QPC_CREATE	RESPONSE	45	5	22	RESERVED_ZERO	-	RAW_DECODE_MUTATION	-	READY_OK	CMQ_COMPLETION_CODEC	REJECT	CODEC_ERROR	0	1	cmq_cqe_qpc_create_response
cmq_cqe_qpc_create_response	CMQ_CQE	QPC_CREATE	RESPONSE	45	5	23	RESERVED_ZERO	-	RAW_DECODE_MUTATION	-	READY_OK	CMQ_COMPLETION_CODEC	REJECT	CODEC_ERROR	0	1	cmq_cqe_qpc_create_response
cmq_cqe_qpc_create_response	CMQ_CQE	QPC_CREATE	RESPONSE	44	5	24	RESERVED_ZERO	-	RAW_DECODE_MUTATION	-	READY_OK	CMQ_COMPLETION_CODEC	REJECT	CODEC_ERROR	0	1	cmq_cqe_qpc_create_response
cmq_cqe_qpc_create_response	CMQ_CQE	QPC_CREATE	RESPONSE	44	5	25	RESERVED_ZERO	-	RAW_DECODE_MUTATION	-	READY_OK	CMQ_COMPLETION_CODEC	REJECT	CODEC_ERROR	0	1	cmq_cqe_qpc_create_response
cmq_cqe_qpc_create_response	CMQ_CQE	QPC_CREATE	RESPONSE	44	5	26	RESERVED_ZERO	-	RAW_DECODE_MUTATION	-	READY_OK	CMQ_COMPLETION_CODEC	REJECT	CODEC_ERROR	0	1	cmq_cqe_qpc_create_response
cmq_cqe_qpc_create_response	CMQ_CQE	QPC_CREATE	RESPONSE	44	5	27	RESERVED_ZERO	-	RAW_DECODE_MUTATION	-	READY_OK	CMQ_COMPLETION_CODEC	REJECT	CODEC_ERROR	0	1	cmq_cqe_qpc_create_response
cmq_cqe_qpc_create_response	CMQ_CQE	QPC_CREATE	RESPONSE	44	5	28	RESERVED_ZERO	-	RAW_DECODE_MUTATION	-	READY_OK	CMQ_COMPLETION_CODEC	REJECT	CODEC_ERROR	0	1	cmq_cqe_qpc_create_response
cmq_cqe_qpc_create_response	CMQ_CQE	QPC_CREATE	RESPONSE	44	5	29	RESERVED_ZERO	-	RAW_DECODE_MUTATION	-	READY_OK	CMQ_COMPLETION_CODEC	REJECT	CODEC_ERROR	0	1	cmq_cqe_qpc_create_response
cmq_cqe_qpc_create_response	CMQ_CQE	QPC_CREATE	RESPONSE	44	5	30	RESERVED_ZERO	-	RAW_DECODE_MUTATION	-	READY_OK	CMQ_COMPLETION_CODEC	REJECT	CODEC_ERROR	0	1	cmq_cqe_qpc_create_response
cmq_cqe_qpc_create_response	CMQ_CQE	QPC_CREATE	RESPONSE	44	5	31	RESERVED_ZERO	-	RAW_DECODE_MUTATION	-	READY_OK	CMQ_COMPLETION_CODEC	REJECT	CODEC_ERROR	0	1	cmq_cqe_qpc_create_response
cmq_cqe_qpc_create_response	CMQ_CQE	QPC_CREATE	RESPONSE	43	5	32	RESERVED_ZERO	-	RAW_DECODE_MUTATION	-	READY_OK	CMQ_COMPLETION_CODEC	REJECT	CODEC_ERROR	0	1	cmq_cqe_qpc_create_response
cmq_cqe_qpc_create_response	CMQ_CQE	QPC_CREATE	RESPONSE	43	5	33	RESERVED_ZERO	-	RAW_DECODE_MUTATION	-	READY_OK	CMQ_COMPLETION_CODEC	REJECT	CODEC_ERROR	0	1	cmq_cqe_qpc_create_response
cmq_cqe_qpc_create_response	CMQ_CQE	QPC_CREATE	RESPONSE	43	5	34	RESERVED_ZERO	-	RAW_DECODE_MUTATION	-	READY_OK	CMQ_COMPLETION_CODEC	REJECT	CODEC_ERROR	0	1	cmq_cqe_qpc_create_response
cmq_cqe_qpc_create_response	CMQ_CQE	QPC_CREATE	RESPONSE	43	5	35	RESERVED_ZERO	-	RAW_DECODE_MUTATION	-	READY_OK	CMQ_COMPLETION_CODEC	REJECT	CODEC_ERROR	0	1	cmq_cqe_qpc_create_response
cmq_cqe_qpc_create_response	CMQ_CQE	QPC_CREATE	RESPONSE	43	5	36	RESERVED_ZERO	-	RAW_DECODE_MUTATION	-	READY_OK	CMQ_COMPLETION_CODEC	REJECT	CODEC_ERROR	0	1	cmq_cqe_qpc_create_response
cmq_cqe_qpc_create_response	CMQ_CQE	QPC_CREATE	RESPONSE	43	5	37	RESERVED_ZERO	-	RAW_DECODE_MUTATION	-	READY_OK	CMQ_COMPLETION_CODEC	REJECT	CODEC_ERROR	0	1	cmq_cqe_qpc_create_response
cmq_cqe_qpc_create_response	CMQ_CQE	QPC_CREATE	RESPONSE	43	5	38	RESERVED_ZERO	-	RAW_DECODE_MUTATION	-	READY_OK	CMQ_COMPLETION_CODEC	REJECT	CODEC_ERROR	0	1	cmq_cqe_qpc_create_response
cmq_cqe_qpc_create_response	CMQ_CQE	QPC_CREATE	RESPONSE	43	5	39	RESERVED_ZERO	-	RAW_DECODE_MUTATION	-	READY_OK	CMQ_COMPLETION_CODEC	REJECT	CODEC_ERROR	0	1	cmq_cqe_qpc_create_response
cmq_cqe_qpc_create_response	CMQ_CQE	QPC_CREATE	RESPONSE	42	5	40	RESERVED_ZERO	-	RAW_DECODE_MUTATION	-	READY_OK	CMQ_COMPLETION_CODEC	REJECT	CODEC_ERROR	0	1	cmq_cqe_qpc_create_response
cmq_cqe_qpc_create_response	CMQ_CQE	QPC_CREATE	RESPONSE	42	5	41	RESERVED_ZERO	-	RAW_DECODE_MUTATION	-	READY_OK	CMQ_COMPLETION_CODEC	REJECT	CODEC_ERROR	0	1	cmq_cqe_qpc_create_response
cmq_cqe_qpc_create_response	CMQ_CQE	QPC_CREATE	RESPONSE	42	5	42	RESERVED_ZERO	-	RAW_DECODE_MUTATION	-	READY_OK	CMQ_COMPLETION_CODEC	REJECT	CODEC_ERROR	0	1	cmq_cqe_qpc_create_response
cmq_cqe_qpc_create_response	CMQ_CQE	QPC_CREATE	RESPONSE	42	5	43	RESERVED_ZERO	-	RAW_DECODE_MUTATION	-	READY_OK	CMQ_COMPLETION_CODEC	REJECT	CODEC_ERROR	0	1	cmq_cqe_qpc_create_response
cmq_cqe_qpc_create_response	CMQ_CQE	QPC_CREATE	RESPONSE	42	5	44	RESERVED_ZERO	-	RAW_DECODE_MUTATION	-	READY_OK	CMQ_COMPLETION_CODEC	REJECT	CODEC_ERROR	0	1	cmq_cqe_qpc_create_response
cmq_cqe_qpc_create_response	CMQ_CQE	QPC_CREATE	RESPONSE	42	5	45	RESERVED_ZERO	-	RAW_DECODE_MUTATION	-	READY_OK	CMQ_COMPLETION_CODEC	REJECT	CODEC_ERROR	0	1	cmq_cqe_qpc_create_response
cmq_cqe_qpc_create_response	CMQ_CQE	QPC_CREATE	RESPONSE	42	5	46	RESERVED_ZERO	-	RAW_DECODE_MUTATION	-	READY_OK	CMQ_COMPLETION_CODEC	REJECT	CODEC_ERROR	0	1	cmq_cqe_qpc_create_response
cmq_cqe_qpc_create_response	CMQ_CQE	QPC_CREATE	RESPONSE	42	5	47	RESERVED_ZERO	-	RAW_DECODE_MUTATION	-	READY_OK	CMQ_COMPLETION_CODEC	REJECT	CODEC_ERROR	0	1	cmq_cqe_qpc_create_response
cmq_cqe_qpc_create_response	CMQ_CQE	QPC_CREATE	RESPONSE	41	5	48	RESERVED_ZERO	-	RAW_DECODE_MUTATION	-	READY_OK	CMQ_COMPLETION_CODEC	REJECT	CODEC_ERROR	0	1	cmq_cqe_qpc_create_response
cmq_cqe_qpc_create_response	CMQ_CQE	QPC_CREATE	RESPONSE	41	5	49	RESERVED_ZERO	-	RAW_DECODE_MUTATION	-	READY_OK	CMQ_COMPLETION_CODEC	REJECT	CODEC_ERROR	0	1	cmq_cqe_qpc_create_response
cmq_cqe_qpc_create_response	CMQ_CQE	QPC_CREATE	RESPONSE	41	5	50	RESERVED_ZERO	-	RAW_DECODE_MUTATION	-	READY_OK	CMQ_COMPLETION_CODEC	REJECT	CODEC_ERROR	0	1	cmq_cqe_qpc_create_response
cmq_cqe_qpc_create_response	CMQ_CQE	QPC_CREATE	RESPONSE	41	5	51	RESERVED_ZERO	-	RAW_DECODE_MUTATION	-	READY_OK	CMQ_COMPLETION_CODEC	REJECT	CODEC_ERROR	0	1	cmq_cqe_qpc_create_response
cmq_cqe_qpc_create_response	CMQ_CQE	QPC_CREATE	RESPONSE	41	5	52	RESERVED_ZERO	-	RAW_DECODE_MUTATION	-	READY_OK	CMQ_COMPLETION_CODEC	REJECT	CODEC_ERROR	0	1	cmq_cqe_qpc_create_response
cmq_cqe_qpc_create_response	CMQ_CQE	QPC_CREATE	RESPONSE	41	5	53	RESERVED_ZERO	-	RAW_DECODE_MUTATION	-	READY_OK	CMQ_COMPLETION_CODEC	REJECT	CODEC_ERROR	0	1	cmq_cqe_qpc_create_response
cmq_cqe_qpc_create_response	CMQ_CQE	QPC_CREATE	RESPONSE	41	5	54	RESERVED_ZERO	-	RAW_DECODE_MUTATION	-	READY_OK	CMQ_COMPLETION_CODEC	REJECT	CODEC_ERROR	0	1	cmq_cqe_qpc_create_response
cmq_cqe_qpc_create_response	CMQ_CQE	QPC_CREATE	RESPONSE	41	5	55	RESERVED_ZERO	-	RAW_DECODE_MUTATION	-	READY_OK	CMQ_COMPLETION_CODEC	REJECT	CODEC_ERROR	0	1	cmq_cqe_qpc_create_response
cmq_cqe_qpc_create_response	CMQ_CQE	QPC_CREATE	RESPONSE	40	5	56	RESERVED_ZERO	-	RAW_DECODE_MUTATION	-	READY_OK	CMQ_COMPLETION_CODEC	REJECT	CODEC_ERROR	0	1	cmq_cqe_qpc_create_response
cmq_cqe_qpc_create_response	CMQ_CQE	QPC_CREATE	RESPONSE	40	5	57	RESERVED_ZERO	-	RAW_DECODE_MUTATION	-	READY_OK	CMQ_COMPLETION_CODEC	REJECT	CODEC_ERROR	0	1	cmq_cqe_qpc_create_response
cmq_cqe_qpc_create_response	CMQ_CQE	QPC_CREATE	RESPONSE	40	5	58	RESERVED_ZERO	-	RAW_DECODE_MUTATION	-	READY_OK	CMQ_COMPLETION_CODEC	REJECT	CODEC_ERROR	0	1	cmq_cqe_qpc_create_response
cmq_cqe_qpc_create_response	CMQ_CQE	QPC_CREATE	RESPONSE	40	5	59	RESERVED_ZERO	-	RAW_DECODE_MUTATION	-	READY_OK	CMQ_COMPLETION_CODEC	REJECT	CODEC_ERROR	0	1	cmq_cqe_qpc_create_response
cmq_cqe_qpc_create_response	CMQ_CQE	QPC_CREATE	RESPONSE	40	5	60	RESERVED_ZERO	-	RAW_DECODE_MUTATION	-	READY_OK	CMQ_COMPLETION_CODEC	REJECT	CODEC_ERROR	0	1	cmq_cqe_qpc_create_response
cmq_cqe_qpc_create_response	CMQ_CQE	QPC_CREATE	RESPONSE	40	5	61	RESERVED_ZERO	-	RAW_DECODE_MUTATION	-	READY_OK	CMQ_COMPLETION_CODEC	REJECT	CODEC_ERROR	0	1	cmq_cqe_qpc_create_response
cmq_cqe_qpc_create_response	CMQ_CQE	QPC_CREATE	RESPONSE	40	5	62	RESERVED_ZERO	-	RAW_DECODE_MUTATION	-	READY_OK	CMQ_COMPLETION_CODEC	REJECT	CODEC_ERROR	0	1	cmq_cqe_qpc_create_response
cmq_cqe_qpc_create_response	CMQ_CQE	QPC_CREATE	RESPONSE	40	5	63	RESERVED_ZERO	-	RAW_DECODE_MUTATION	-	READY_OK	CMQ_COMPLETION_CODEC	REJECT	CODEC_ERROR	0	1	cmq_cqe_qpc_create_response
cmq_cqe_qpc_create_response	CMQ_CQE	QPC_CREATE	RESPONSE	55	6	0	RESERVED_ZERO	-	RAW_DECODE_MUTATION	-	READY_OK	CMQ_COMPLETION_CODEC	REJECT	CODEC_ERROR	0	1	cmq_cqe_qpc_create_response
cmq_cqe_qpc_create_response	CMQ_CQE	QPC_CREATE	RESPONSE	55	6	1	RESERVED_ZERO	-	RAW_DECODE_MUTATION	-	READY_OK	CMQ_COMPLETION_CODEC	REJECT	CODEC_ERROR	0	1	cmq_cqe_qpc_create_response
cmq_cqe_qpc_create_response	CMQ_CQE	QPC_CREATE	RESPONSE	55	6	2	RESERVED_ZERO	-	RAW_DECODE_MUTATION	-	READY_OK	CMQ_COMPLETION_CODEC	REJECT	CODEC_ERROR	0	1	cmq_cqe_qpc_create_response
cmq_cqe_qpc_create_response	CMQ_CQE	QPC_CREATE	RESPONSE	55	6	3	RESERVED_ZERO	-	RAW_DECODE_MUTATION	-	READY_OK	CMQ_COMPLETION_CODEC	REJECT	CODEC_ERROR	0	1	cmq_cqe_qpc_create_response
cmq_cqe_qpc_create_response	CMQ_CQE	QPC_CREATE	RESPONSE	55	6	4	RESERVED_ZERO	-	RAW_DECODE_MUTATION	-	READY_OK	CMQ_COMPLETION_CODEC	REJECT	CODEC_ERROR	0	1	cmq_cqe_qpc_create_response
cmq_cqe_qpc_create_response	CMQ_CQE	QPC_CREATE	RESPONSE	55	6	5	RESERVED_ZERO	-	RAW_DECODE_MUTATION	-	READY_OK	CMQ_COMPLETION_CODEC	REJECT	CODEC_ERROR	0	1	cmq_cqe_qpc_create_response
cmq_cqe_qpc_create_response	CMQ_CQE	QPC_CREATE	RESPONSE	55	6	6	RESERVED_ZERO	-	RAW_DECODE_MUTATION	-	READY_OK	CMQ_COMPLETION_CODEC	REJECT	CODEC_ERROR	0	1	cmq_cqe_qpc_create_response
cmq_cqe_qpc_create_response	CMQ_CQE	QPC_CREATE	RESPONSE	55	6	7	RESERVED_ZERO	-	RAW_DECODE_MUTATION	-	READY_OK	CMQ_COMPLETION_CODEC	REJECT	CODEC_ERROR	0	1	cmq_cqe_qpc_create_response
cmq_cqe_qpc_create_response	CMQ_CQE	QPC_CREATE	RESPONSE	54	6	8	RESERVED_ZERO	-	RAW_DECODE_MUTATION	-	READY_OK	CMQ_COMPLETION_CODEC	REJECT	CODEC_ERROR	0	1	cmq_cqe_qpc_create_response
cmq_cqe_qpc_create_response	CMQ_CQE	QPC_CREATE	RESPONSE	54	6	9	RESERVED_ZERO	-	RAW_DECODE_MUTATION	-	READY_OK	CMQ_COMPLETION_CODEC	REJECT	CODEC_ERROR	0	1	cmq_cqe_qpc_create_response
cmq_cqe_qpc_create_response	CMQ_CQE	QPC_CREATE	RESPONSE	54	6	10	RESERVED_ZERO	-	RAW_DECODE_MUTATION	-	READY_OK	CMQ_COMPLETION_CODEC	REJECT	CODEC_ERROR	0	1	cmq_cqe_qpc_create_response
cmq_cqe_qpc_create_response	CMQ_CQE	QPC_CREATE	RESPONSE	54	6	11	RESERVED_ZERO	-	RAW_DECODE_MUTATION	-	READY_OK	CMQ_COMPLETION_CODEC	REJECT	CODEC_ERROR	0	1	cmq_cqe_qpc_create_response
cmq_cqe_qpc_create_response	CMQ_CQE	QPC_CREATE	RESPONSE	54	6	12	RESERVED_ZERO	-	RAW_DECODE_MUTATION	-	READY_OK	CMQ_COMPLETION_CODEC	REJECT	CODEC_ERROR	0	1	cmq_cqe_qpc_create_response
cmq_cqe_qpc_create_response	CMQ_CQE	QPC_CREATE	RESPONSE	54	6	13	RESERVED_ZERO	-	RAW_DECODE_MUTATION	-	READY_OK	CMQ_COMPLETION_CODEC	REJECT	CODEC_ERROR	0	1	cmq_cqe_qpc_create_response
cmq_cqe_qpc_create_response	CMQ_CQE	QPC_CREATE	RESPONSE	54	6	14	RESERVED_ZERO	-	RAW_DECODE_MUTATION	-	READY_OK	CMQ_COMPLETION_CODEC	REJECT	CODEC_ERROR	0	1	cmq_cqe_qpc_create_response
cmq_cqe_qpc_create_response	CMQ_CQE	QPC_CREATE	RESPONSE	54	6	15	RESERVED_ZERO	-	RAW_DECODE_MUTATION	-	READY_OK	CMQ_COMPLETION_CODEC	REJECT	CODEC_ERROR	0	1	cmq_cqe_qpc_create_response
cmq_cqe_qpc_create_response	CMQ_CQE	QPC_CREATE	RESPONSE	53	6	16	RESERVED_ZERO	-	RAW_DECODE_MUTATION	-	READY_OK	CMQ_COMPLETION_CODEC	REJECT	CODEC_ERROR	0	1	cmq_cqe_qpc_create_response
cmq_cqe_qpc_create_response	CMQ_CQE	QPC_CREATE	RESPONSE	53	6	17	RESERVED_ZERO	-	RAW_DECODE_MUTATION	-	READY_OK	CMQ_COMPLETION_CODEC	REJECT	CODEC_ERROR	0	1	cmq_cqe_qpc_create_response
cmq_cqe_qpc_create_response	CMQ_CQE	QPC_CREATE	RESPONSE	53	6	18	RESERVED_ZERO	-	RAW_DECODE_MUTATION	-	READY_OK	CMQ_COMPLETION_CODEC	REJECT	CODEC_ERROR	0	1	cmq_cqe_qpc_create_response
cmq_cqe_qpc_create_response	CMQ_CQE	QPC_CREATE	RESPONSE	53	6	19	RESERVED_ZERO	-	RAW_DECODE_MUTATION	-	READY_OK	CMQ_COMPLETION_CODEC	REJECT	CODEC_ERROR	0	1	cmq_cqe_qpc_create_response
cmq_cqe_qpc_create_response	CMQ_CQE	QPC_CREATE	RESPONSE	53	6	20	RESERVED_ZERO	-	RAW_DECODE_MUTATION	-	READY_OK	CMQ_COMPLETION_CODEC	REJECT	CODEC_ERROR	0	1	cmq_cqe_qpc_create_response
cmq_cqe_qpc_create_response	CMQ_CQE	QPC_CREATE	RESPONSE	53	6	21	RESERVED_ZERO	-	RAW_DECODE_MUTATION	-	READY_OK	CMQ_COMPLETION_CODEC	REJECT	CODEC_ERROR	0	1	cmq_cqe_qpc_create_response
cmq_cqe_qpc_create_response	CMQ_CQE	QPC_CREATE	RESPONSE	53	6	22	RESERVED_ZERO	-	RAW_DECODE_MUTATION	-	READY_OK	CMQ_COMPLETION_CODEC	REJECT	CODEC_ERROR	0	1	cmq_cqe_qpc_create_response
cmq_cqe_qpc_create_response	CMQ_CQE	QPC_CREATE	RESPONSE	53	6	23	RESERVED_ZERO	-	RAW_DECODE_MUTATION	-	READY_OK	CMQ_COMPLETION_CODEC	REJECT	CODEC_ERROR	0	1	cmq_cqe_qpc_create_response
cmq_cqe_qpc_create_response	CMQ_CQE	QPC_CREATE	RESPONSE	52	6	24	RESERVED_ZERO	-	RAW_DECODE_MUTATION	-	READY_OK	CMQ_COMPLETION_CODEC	REJECT	CODEC_ERROR	0	1	cmq_cqe_qpc_create_response
cmq_cqe_qpc_create_response	CMQ_CQE	QPC_CREATE	RESPONSE	52	6	25	RESERVED_ZERO	-	RAW_DECODE_MUTATION	-	READY_OK	CMQ_COMPLETION_CODEC	REJECT	CODEC_ERROR	0	1	cmq_cqe_qpc_create_response
cmq_cqe_qpc_create_response	CMQ_CQE	QPC_CREATE	RESPONSE	52	6	26	RESERVED_ZERO	-	RAW_DECODE_MUTATION	-	READY_OK	CMQ_COMPLETION_CODEC	REJECT	CODEC_ERROR	0	1	cmq_cqe_qpc_create_response
cmq_cqe_qpc_create_response	CMQ_CQE	QPC_CREATE	RESPONSE	52	6	27	RESERVED_ZERO	-	RAW_DECODE_MUTATION	-	READY_OK	CMQ_COMPLETION_CODEC	REJECT	CODEC_ERROR	0	1	cmq_cqe_qpc_create_response
cmq_cqe_qpc_create_response	CMQ_CQE	QPC_CREATE	RESPONSE	52	6	28	RESERVED_ZERO	-	RAW_DECODE_MUTATION	-	READY_OK	CMQ_COMPLETION_CODEC	REJECT	CODEC_ERROR	0	1	cmq_cqe_qpc_create_response
cmq_cqe_qpc_create_response	CMQ_CQE	QPC_CREATE	RESPONSE	52	6	29	RESERVED_ZERO	-	RAW_DECODE_MUTATION	-	READY_OK	CMQ_COMPLETION_CODEC	REJECT	CODEC_ERROR	0	1	cmq_cqe_qpc_create_response
cmq_cqe_qpc_create_response	CMQ_CQE	QPC_CREATE	RESPONSE	52	6	30	RESERVED_ZERO	-	RAW_DECODE_MUTATION	-	READY_OK	CMQ_COMPLETION_CODEC	REJECT	CODEC_ERROR	0	1	cmq_cqe_qpc_create_response
cmq_cqe_qpc_create_response	CMQ_CQE	QPC_CREATE	RESPONSE	52	6	31	RESERVED_ZERO	-	RAW_DECODE_MUTATION	-	READY_OK	CMQ_COMPLETION_CODEC	REJECT	CODEC_ERROR	0	1	cmq_cqe_qpc_create_response
cmq_cqe_qpc_create_response	CMQ_CQE	QPC_CREATE	RESPONSE	51	6	32	RESERVED_ZERO	-	RAW_DECODE_MUTATION	-	READY_OK	CMQ_COMPLETION_CODEC	REJECT	CODEC_ERROR	0	1	cmq_cqe_qpc_create_response
cmq_cqe_qpc_create_response	CMQ_CQE	QPC_CREATE	RESPONSE	51	6	33	RESERVED_ZERO	-	RAW_DECODE_MUTATION	-	READY_OK	CMQ_COMPLETION_CODEC	REJECT	CODEC_ERROR	0	1	cmq_cqe_qpc_create_response
cmq_cqe_qpc_create_response	CMQ_CQE	QPC_CREATE	RESPONSE	51	6	34	RESERVED_ZERO	-	RAW_DECODE_MUTATION	-	READY_OK	CMQ_COMPLETION_CODEC	REJECT	CODEC_ERROR	0	1	cmq_cqe_qpc_create_response
cmq_cqe_qpc_create_response	CMQ_CQE	QPC_CREATE	RESPONSE	51	6	35	RESERVED_ZERO	-	RAW_DECODE_MUTATION	-	READY_OK	CMQ_COMPLETION_CODEC	REJECT	CODEC_ERROR	0	1	cmq_cqe_qpc_create_response
cmq_cqe_qpc_create_response	CMQ_CQE	QPC_CREATE	RESPONSE	51	6	36	RESERVED_ZERO	-	RAW_DECODE_MUTATION	-	READY_OK	CMQ_COMPLETION_CODEC	REJECT	CODEC_ERROR	0	1	cmq_cqe_qpc_create_response
cmq_cqe_qpc_create_response	CMQ_CQE	QPC_CREATE	RESPONSE	51	6	37	RESERVED_ZERO	-	RAW_DECODE_MUTATION	-	READY_OK	CMQ_COMPLETION_CODEC	REJECT	CODEC_ERROR	0	1	cmq_cqe_qpc_create_response
cmq_cqe_qpc_create_response	CMQ_CQE	QPC_CREATE	RESPONSE	51	6	38	RESERVED_ZERO	-	RAW_DECODE_MUTATION	-	READY_OK	CMQ_COMPLETION_CODEC	REJECT	CODEC_ERROR	0	1	cmq_cqe_qpc_create_response
cmq_cqe_qpc_create_response	CMQ_CQE	QPC_CREATE	RESPONSE	51	6	39	RESERVED_ZERO	-	RAW_DECODE_MUTATION	-	READY_OK	CMQ_COMPLETION_CODEC	REJECT	CODEC_ERROR	0	1	cmq_cqe_qpc_create_response
cmq_cqe_qpc_create_response	CMQ_CQE	QPC_CREATE	RESPONSE	50	6	40	RESERVED_ZERO	-	RAW_DECODE_MUTATION	-	READY_OK	CMQ_COMPLETION_CODEC	REJECT	CODEC_ERROR	0	1	cmq_cqe_qpc_create_response
cmq_cqe_qpc_create_response	CMQ_CQE	QPC_CREATE	RESPONSE	50	6	41	RESERVED_ZERO	-	RAW_DECODE_MUTATION	-	READY_OK	CMQ_COMPLETION_CODEC	REJECT	CODEC_ERROR	0	1	cmq_cqe_qpc_create_response
cmq_cqe_qpc_create_response	CMQ_CQE	QPC_CREATE	RESPONSE	50	6	42	RESERVED_ZERO	-	RAW_DECODE_MUTATION	-	READY_OK	CMQ_COMPLETION_CODEC	REJECT	CODEC_ERROR	0	1	cmq_cqe_qpc_create_response
cmq_cqe_qpc_create_response	CMQ_CQE	QPC_CREATE	RESPONSE	50	6	43	RESERVED_ZERO	-	RAW_DECODE_MUTATION	-	READY_OK	CMQ_COMPLETION_CODEC	REJECT	CODEC_ERROR	0	1	cmq_cqe_qpc_create_response
cmq_cqe_qpc_create_response	CMQ_CQE	QPC_CREATE	RESPONSE	50	6	44	RESERVED_ZERO	-	RAW_DECODE_MUTATION	-	READY_OK	CMQ_COMPLETION_CODEC	REJECT	CODEC_ERROR	0	1	cmq_cqe_qpc_create_response
cmq_cqe_qpc_create_response	CMQ_CQE	QPC_CREATE	RESPONSE	50	6	45	RESERVED_ZERO	-	RAW_DECODE_MUTATION	-	READY_OK	CMQ_COMPLETION_CODEC	REJECT	CODEC_ERROR	0	1	cmq_cqe_qpc_create_response
cmq_cqe_qpc_create_response	CMQ_CQE	QPC_CREATE	RESPONSE	50	6	46	RESERVED_ZERO	-	RAW_DECODE_MUTATION	-	READY_OK	CMQ_COMPLETION_CODEC	REJECT	CODEC_ERROR	0	1	cmq_cqe_qpc_create_response
cmq_cqe_qpc_create_response	CMQ_CQE	QPC_CREATE	RESPONSE	50	6	47	RESERVED_ZERO	-	RAW_DECODE_MUTATION	-	READY_OK	CMQ_COMPLETION_CODEC	REJECT	CODEC_ERROR	0	1	cmq_cqe_qpc_create_response
cmq_cqe_qpc_create_response	CMQ_CQE	QPC_CREATE	RESPONSE	49	6	48	RESERVED_ZERO	-	RAW_DECODE_MUTATION	-	READY_OK	CMQ_COMPLETION_CODEC	REJECT	CODEC_ERROR	0	1	cmq_cqe_qpc_create_response
cmq_cqe_qpc_create_response	CMQ_CQE	QPC_CREATE	RESPONSE	49	6	49	RESERVED_ZERO	-	RAW_DECODE_MUTATION	-	READY_OK	CMQ_COMPLETION_CODEC	REJECT	CODEC_ERROR	0	1	cmq_cqe_qpc_create_response
cmq_cqe_qpc_create_response	CMQ_CQE	QPC_CREATE	RESPONSE	49	6	50	RESERVED_ZERO	-	RAW_DECODE_MUTATION	-	READY_OK	CMQ_COMPLETION_CODEC	REJECT	CODEC_ERROR	0	1	cmq_cqe_qpc_create_response
cmq_cqe_qpc_create_response	CMQ_CQE	QPC_CREATE	RESPONSE	49	6	51	RESERVED_ZERO	-	RAW_DECODE_MUTATION	-	READY_OK	CMQ_COMPLETION_CODEC	REJECT	CODEC_ERROR	0	1	cmq_cqe_qpc_create_response
cmq_cqe_qpc_create_response	CMQ_CQE	QPC_CREATE	RESPONSE	49	6	52	RESERVED_ZERO	-	RAW_DECODE_MUTATION	-	READY_OK	CMQ_COMPLETION_CODEC	REJECT	CODEC_ERROR	0	1	cmq_cqe_qpc_create_response
cmq_cqe_qpc_create_response	CMQ_CQE	QPC_CREATE	RESPONSE	49	6	53	RESERVED_ZERO	-	RAW_DECODE_MUTATION	-	READY_OK	CMQ_COMPLETION_CODEC	REJECT	CODEC_ERROR	0	1	cmq_cqe_qpc_create_response
cmq_cqe_qpc_create_response	CMQ_CQE	QPC_CREATE	RESPONSE	49	6	54	RESERVED_ZERO	-	RAW_DECODE_MUTATION	-	READY_OK	CMQ_COMPLETION_CODEC	REJECT	CODEC_ERROR	0	1	cmq_cqe_qpc_create_response
cmq_cqe_qpc_create_response	CMQ_CQE	QPC_CREATE	RESPONSE	49	6	55	RESERVED_ZERO	-	RAW_DECODE_MUTATION	-	READY_OK	CMQ_COMPLETION_CODEC	REJECT	CODEC_ERROR	0	1	cmq_cqe_qpc_create_response
cmq_cqe_qpc_create_response	CMQ_CQE	QPC_CREATE	RESPONSE	48	6	56	RESERVED_ZERO	-	RAW_DECODE_MUTATION	-	READY_OK	CMQ_COMPLETION_CODEC	REJECT	CODEC_ERROR	0	1	cmq_cqe_qpc_create_response
cmq_cqe_qpc_create_response	CMQ_CQE	QPC_CREATE	RESPONSE	48	6	57	RESERVED_ZERO	-	RAW_DECODE_MUTATION	-	READY_OK	CMQ_COMPLETION_CODEC	REJECT	CODEC_ERROR	0	1	cmq_cqe_qpc_create_response
cmq_cqe_qpc_create_response	CMQ_CQE	QPC_CREATE	RESPONSE	48	6	58	RESERVED_ZERO	-	RAW_DECODE_MUTATION	-	READY_OK	CMQ_COMPLETION_CODEC	REJECT	CODEC_ERROR	0	1	cmq_cqe_qpc_create_response
cmq_cqe_qpc_create_response	CMQ_CQE	QPC_CREATE	RESPONSE	48	6	59	RESERVED_ZERO	-	RAW_DECODE_MUTATION	-	READY_OK	CMQ_COMPLETION_CODEC	REJECT	CODEC_ERROR	0	1	cmq_cqe_qpc_create_response
cmq_cqe_qpc_create_response	CMQ_CQE	QPC_CREATE	RESPONSE	48	6	60	RESERVED_ZERO	-	RAW_DECODE_MUTATION	-	READY_OK	CMQ_COMPLETION_CODEC	REJECT	CODEC_ERROR	0	1	cmq_cqe_qpc_create_response
cmq_cqe_qpc_create_response	CMQ_CQE	QPC_CREATE	RESPONSE	48	6	61	RESERVED_ZERO	-	RAW_DECODE_MUTATION	-	READY_OK	CMQ_COMPLETION_CODEC	REJECT	CODEC_ERROR	0	1	cmq_cqe_qpc_create_response
cmq_cqe_qpc_create_response	CMQ_CQE	QPC_CREATE	RESPONSE	48	6	62	RESERVED_ZERO	-	RAW_DECODE_MUTATION	-	READY_OK	CMQ_COMPLETION_CODEC	REJECT	CODEC_ERROR	0	1	cmq_cqe_qpc_create_response
cmq_cqe_qpc_create_response	CMQ_CQE	QPC_CREATE	RESPONSE	48	6	63	RESERVED_ZERO	-	RAW_DECODE_MUTATION	-	READY_OK	CMQ_COMPLETION_CODEC	REJECT	CODEC_ERROR	0	1	cmq_cqe_qpc_create_response
cmq_cqe_qpc_create_response	CMQ_CQE	QPC_CREATE	RESPONSE	63	7	0	RESERVED_ZERO	-	RAW_DECODE_MUTATION	-	READY_OK	CMQ_COMPLETION_CODEC	REJECT	CODEC_ERROR	0	1	cmq_cqe_qpc_create_response
cmq_cqe_qpc_create_response	CMQ_CQE	QPC_CREATE	RESPONSE	63	7	1	RESERVED_ZERO	-	RAW_DECODE_MUTATION	-	READY_OK	CMQ_COMPLETION_CODEC	REJECT	CODEC_ERROR	0	1	cmq_cqe_qpc_create_response
cmq_cqe_qpc_create_response	CMQ_CQE	QPC_CREATE	RESPONSE	63	7	2	RESERVED_ZERO	-	RAW_DECODE_MUTATION	-	READY_OK	CMQ_COMPLETION_CODEC	REJECT	CODEC_ERROR	0	1	cmq_cqe_qpc_create_response
cmq_cqe_qpc_create_response	CMQ_CQE	QPC_CREATE	RESPONSE	63	7	3	RESERVED_ZERO	-	RAW_DECODE_MUTATION	-	READY_OK	CMQ_COMPLETION_CODEC	REJECT	CODEC_ERROR	0	1	cmq_cqe_qpc_create_response
cmq_cqe_qpc_create_response	CMQ_CQE	QPC_CREATE	RESPONSE	63	7	4	RESERVED_ZERO	-	RAW_DECODE_MUTATION	-	READY_OK	CMQ_COMPLETION_CODEC	REJECT	CODEC_ERROR	0	1	cmq_cqe_qpc_create_response
cmq_cqe_qpc_create_response	CMQ_CQE	QPC_CREATE	RESPONSE	63	7	5	RESERVED_ZERO	-	RAW_DECODE_MUTATION	-	READY_OK	CMQ_COMPLETION_CODEC	REJECT	CODEC_ERROR	0	1	cmq_cqe_qpc_create_response
cmq_cqe_qpc_create_response	CMQ_CQE	QPC_CREATE	RESPONSE	63	7	6	RESERVED_ZERO	-	RAW_DECODE_MUTATION	-	READY_OK	CMQ_COMPLETION_CODEC	REJECT	CODEC_ERROR	0	1	cmq_cqe_qpc_create_response
cmq_cqe_qpc_create_response	CMQ_CQE	QPC_CREATE	RESPONSE	63	7	7	RESERVED_ZERO	-	RAW_DECODE_MUTATION	-	READY_OK	CMQ_COMPLETION_CODEC	REJECT	CODEC_ERROR	0	1	cmq_cqe_qpc_create_response
cmq_cqe_qpc_create_response	CMQ_CQE	QPC_CREATE	RESPONSE	62	7	8	RESERVED_ZERO	-	RAW_DECODE_MUTATION	-	READY_OK	CMQ_COMPLETION_CODEC	REJECT	CODEC_ERROR	0	1	cmq_cqe_qpc_create_response
cmq_cqe_qpc_create_response	CMQ_CQE	QPC_CREATE	RESPONSE	62	7	9	RESERVED_ZERO	-	RAW_DECODE_MUTATION	-	READY_OK	CMQ_COMPLETION_CODEC	REJECT	CODEC_ERROR	0	1	cmq_cqe_qpc_create_response
cmq_cqe_qpc_create_response	CMQ_CQE	QPC_CREATE	RESPONSE	62	7	10	RESERVED_ZERO	-	RAW_DECODE_MUTATION	-	READY_OK	CMQ_COMPLETION_CODEC	REJECT	CODEC_ERROR	0	1	cmq_cqe_qpc_create_response
cmq_cqe_qpc_create_response	CMQ_CQE	QPC_CREATE	RESPONSE	62	7	11	RESERVED_ZERO	-	RAW_DECODE_MUTATION	-	READY_OK	CMQ_COMPLETION_CODEC	REJECT	CODEC_ERROR	0	1	cmq_cqe_qpc_create_response
cmq_cqe_qpc_create_response	CMQ_CQE	QPC_CREATE	RESPONSE	62	7	12	RESERVED_ZERO	-	RAW_DECODE_MUTATION	-	READY_OK	CMQ_COMPLETION_CODEC	REJECT	CODEC_ERROR	0	1	cmq_cqe_qpc_create_response
cmq_cqe_qpc_create_response	CMQ_CQE	QPC_CREATE	RESPONSE	62	7	13	RESERVED_ZERO	-	RAW_DECODE_MUTATION	-	READY_OK	CMQ_COMPLETION_CODEC	REJECT	CODEC_ERROR	0	1	cmq_cqe_qpc_create_response
cmq_cqe_qpc_create_response	CMQ_CQE	QPC_CREATE	RESPONSE	62	7	14	RESERVED_ZERO	-	RAW_DECODE_MUTATION	-	READY_OK	CMQ_COMPLETION_CODEC	REJECT	CODEC_ERROR	0	1	cmq_cqe_qpc_create_response
cmq_cqe_qpc_create_response	CMQ_CQE	QPC_CREATE	RESPONSE	62	7	15	RESERVED_ZERO	-	RAW_DECODE_MUTATION	-	READY_OK	CMQ_COMPLETION_CODEC	REJECT	CODEC_ERROR	0	1	cmq_cqe_qpc_create_response
cmq_cqe_qpc_create_response	CMQ_CQE	QPC_CREATE	RESPONSE	61	7	16	RESERVED_ZERO	-	RAW_DECODE_MUTATION	-	READY_OK	CMQ_COMPLETION_CODEC	REJECT	CODEC_ERROR	0	1	cmq_cqe_qpc_create_response
cmq_cqe_qpc_create_response	CMQ_CQE	QPC_CREATE	RESPONSE	61	7	17	RESERVED_ZERO	-	RAW_DECODE_MUTATION	-	READY_OK	CMQ_COMPLETION_CODEC	REJECT	CODEC_ERROR	0	1	cmq_cqe_qpc_create_response
cmq_cqe_qpc_create_response	CMQ_CQE	QPC_CREATE	RESPONSE	61	7	18	RESERVED_ZERO	-	RAW_DECODE_MUTATION	-	READY_OK	CMQ_COMPLETION_CODEC	REJECT	CODEC_ERROR	0	1	cmq_cqe_qpc_create_response
cmq_cqe_qpc_create_response	CMQ_CQE	QPC_CREATE	RESPONSE	61	7	19	RESERVED_ZERO	-	RAW_DECODE_MUTATION	-	READY_OK	CMQ_COMPLETION_CODEC	REJECT	CODEC_ERROR	0	1	cmq_cqe_qpc_create_response
cmq_cqe_qpc_create_response	CMQ_CQE	QPC_CREATE	RESPONSE	61	7	20	RESERVED_ZERO	-	RAW_DECODE_MUTATION	-	READY_OK	CMQ_COMPLETION_CODEC	REJECT	CODEC_ERROR	0	1	cmq_cqe_qpc_create_response
cmq_cqe_qpc_create_response	CMQ_CQE	QPC_CREATE	RESPONSE	61	7	21	RESERVED_ZERO	-	RAW_DECODE_MUTATION	-	READY_OK	CMQ_COMPLETION_CODEC	REJECT	CODEC_ERROR	0	1	cmq_cqe_qpc_create_response
cmq_cqe_qpc_create_response	CMQ_CQE	QPC_CREATE	RESPONSE	61	7	22	RESERVED_ZERO	-	RAW_DECODE_MUTATION	-	READY_OK	CMQ_COMPLETION_CODEC	REJECT	CODEC_ERROR	0	1	cmq_cqe_qpc_create_response
cmq_cqe_qpc_create_response	CMQ_CQE	QPC_CREATE	RESPONSE	61	7	23	RESERVED_ZERO	-	RAW_DECODE_MUTATION	-	READY_OK	CMQ_COMPLETION_CODEC	REJECT	CODEC_ERROR	0	1	cmq_cqe_qpc_create_response
cmq_cqe_qpc_create_response	CMQ_CQE	QPC_CREATE	RESPONSE	60	7	24	RESERVED_ZERO	-	RAW_DECODE_MUTATION	-	READY_OK	CMQ_COMPLETION_CODEC	REJECT	CODEC_ERROR	0	1	cmq_cqe_qpc_create_response
cmq_cqe_qpc_create_response	CMQ_CQE	QPC_CREATE	RESPONSE	60	7	25	RESERVED_ZERO	-	RAW_DECODE_MUTATION	-	READY_OK	CMQ_COMPLETION_CODEC	REJECT	CODEC_ERROR	0	1	cmq_cqe_qpc_create_response
cmq_cqe_qpc_create_response	CMQ_CQE	QPC_CREATE	RESPONSE	60	7	26	RESERVED_ZERO	-	RAW_DECODE_MUTATION	-	READY_OK	CMQ_COMPLETION_CODEC	REJECT	CODEC_ERROR	0	1	cmq_cqe_qpc_create_response
cmq_cqe_qpc_create_response	CMQ_CQE	QPC_CREATE	RESPONSE	60	7	27	RESERVED_ZERO	-	RAW_DECODE_MUTATION	-	READY_OK	CMQ_COMPLETION_CODEC	REJECT	CODEC_ERROR	0	1	cmq_cqe_qpc_create_response
cmq_cqe_qpc_create_response	CMQ_CQE	QPC_CREATE	RESPONSE	60	7	28	RESERVED_ZERO	-	RAW_DECODE_MUTATION	-	READY_OK	CMQ_COMPLETION_CODEC	REJECT	CODEC_ERROR	0	1	cmq_cqe_qpc_create_response
cmq_cqe_qpc_create_response	CMQ_CQE	QPC_CREATE	RESPONSE	60	7	29	RESERVED_ZERO	-	RAW_DECODE_MUTATION	-	READY_OK	CMQ_COMPLETION_CODEC	REJECT	CODEC_ERROR	0	1	cmq_cqe_qpc_create_response
cmq_cqe_qpc_create_response	CMQ_CQE	QPC_CREATE	RESPONSE	60	7	30	RESERVED_ZERO	-	RAW_DECODE_MUTATION	-	READY_OK	CMQ_COMPLETION_CODEC	REJECT	CODEC_ERROR	0	1	cmq_cqe_qpc_create_response
cmq_cqe_qpc_create_response	CMQ_CQE	QPC_CREATE	RESPONSE	60	7	31	RESERVED_ZERO	-	RAW_DECODE_MUTATION	-	READY_OK	CMQ_COMPLETION_CODEC	REJECT	CODEC_ERROR	0	1	cmq_cqe_qpc_create_response
cmq_cqe_qpc_create_response	CMQ_CQE	QPC_CREATE	RESPONSE	59	7	32	RESERVED_ZERO	-	RAW_DECODE_MUTATION	-	READY_OK	CMQ_COMPLETION_CODEC	REJECT	CODEC_ERROR	0	1	cmq_cqe_qpc_create_response
cmq_cqe_qpc_create_response	CMQ_CQE	QPC_CREATE	RESPONSE	59	7	33	RESERVED_ZERO	-	RAW_DECODE_MUTATION	-	READY_OK	CMQ_COMPLETION_CODEC	REJECT	CODEC_ERROR	0	1	cmq_cqe_qpc_create_response
cmq_cqe_qpc_create_response	CMQ_CQE	QPC_CREATE	RESPONSE	59	7	34	RESERVED_ZERO	-	RAW_DECODE_MUTATION	-	READY_OK	CMQ_COMPLETION_CODEC	REJECT	CODEC_ERROR	0	1	cmq_cqe_qpc_create_response
cmq_cqe_qpc_create_response	CMQ_CQE	QPC_CREATE	RESPONSE	59	7	35	RESERVED_ZERO	-	RAW_DECODE_MUTATION	-	READY_OK	CMQ_COMPLETION_CODEC	REJECT	CODEC_ERROR	0	1	cmq_cqe_qpc_create_response
cmq_cqe_qpc_create_response	CMQ_CQE	QPC_CREATE	RESPONSE	59	7	36	RESERVED_ZERO	-	RAW_DECODE_MUTATION	-	READY_OK	CMQ_COMPLETION_CODEC	REJECT	CODEC_ERROR	0	1	cmq_cqe_qpc_create_response
cmq_cqe_qpc_create_response	CMQ_CQE	QPC_CREATE	RESPONSE	59	7	37	RESERVED_ZERO	-	RAW_DECODE_MUTATION	-	READY_OK	CMQ_COMPLETION_CODEC	REJECT	CODEC_ERROR	0	1	cmq_cqe_qpc_create_response
cmq_cqe_qpc_create_response	CMQ_CQE	QPC_CREATE	RESPONSE	59	7	38	RESERVED_ZERO	-	RAW_DECODE_MUTATION	-	READY_OK	CMQ_COMPLETION_CODEC	REJECT	CODEC_ERROR	0	1	cmq_cqe_qpc_create_response
cmq_cqe_qpc_create_response	CMQ_CQE	QPC_CREATE	RESPONSE	59	7	39	RESERVED_ZERO	-	RAW_DECODE_MUTATION	-	READY_OK	CMQ_COMPLETION_CODEC	REJECT	CODEC_ERROR	0	1	cmq_cqe_qpc_create_response
cmq_cqe_qpc_create_response	CMQ_CQE	QPC_CREATE	RESPONSE	58	7	40	RESERVED_ZERO	-	RAW_DECODE_MUTATION	-	READY_OK	CMQ_COMPLETION_CODEC	REJECT	CODEC_ERROR	0	1	cmq_cqe_qpc_create_response
cmq_cqe_qpc_create_response	CMQ_CQE	QPC_CREATE	RESPONSE	58	7	41	RESERVED_ZERO	-	RAW_DECODE_MUTATION	-	READY_OK	CMQ_COMPLETION_CODEC	REJECT	CODEC_ERROR	0	1	cmq_cqe_qpc_create_response
cmq_cqe_qpc_create_response	CMQ_CQE	QPC_CREATE	RESPONSE	58	7	42	RESERVED_ZERO	-	RAW_DECODE_MUTATION	-	READY_OK	CMQ_COMPLETION_CODEC	REJECT	CODEC_ERROR	0	1	cmq_cqe_qpc_create_response
cmq_cqe_qpc_create_response	CMQ_CQE	QPC_CREATE	RESPONSE	58	7	43	RESERVED_ZERO	-	RAW_DECODE_MUTATION	-	READY_OK	CMQ_COMPLETION_CODEC	REJECT	CODEC_ERROR	0	1	cmq_cqe_qpc_create_response
cmq_cqe_qpc_create_response	CMQ_CQE	QPC_CREATE	RESPONSE	58	7	44	RESERVED_ZERO	-	RAW_DECODE_MUTATION	-	READY_OK	CMQ_COMPLETION_CODEC	REJECT	CODEC_ERROR	0	1	cmq_cqe_qpc_create_response
cmq_cqe_qpc_create_response	CMQ_CQE	QPC_CREATE	RESPONSE	58	7	45	RESERVED_ZERO	-	RAW_DECODE_MUTATION	-	READY_OK	CMQ_COMPLETION_CODEC	REJECT	CODEC_ERROR	0	1	cmq_cqe_qpc_create_response
cmq_cqe_qpc_create_response	CMQ_CQE	QPC_CREATE	RESPONSE	58	7	46	RESERVED_ZERO	-	RAW_DECODE_MUTATION	-	READY_OK	CMQ_COMPLETION_CODEC	REJECT	CODEC_ERROR	0	1	cmq_cqe_qpc_create_response
cmq_cqe_qpc_create_response	CMQ_CQE	QPC_CREATE	RESPONSE	58	7	47	RESERVED_ZERO	-	RAW_DECODE_MUTATION	-	READY_OK	CMQ_COMPLETION_CODEC	REJECT	CODEC_ERROR	0	1	cmq_cqe_qpc_create_response
cmq_cqe_qpc_create_response	CMQ_CQE	QPC_CREATE	RESPONSE	57	7	48	RESERVED_ZERO	-	RAW_DECODE_MUTATION	-	READY_OK	CMQ_COMPLETION_CODEC	REJECT	CODEC_ERROR	0	1	cmq_cqe_qpc_create_response
cmq_cqe_qpc_create_response	CMQ_CQE	QPC_CREATE	RESPONSE	57	7	49	RESERVED_ZERO	-	RAW_DECODE_MUTATION	-	READY_OK	CMQ_COMPLETION_CODEC	REJECT	CODEC_ERROR	0	1	cmq_cqe_qpc_create_response
cmq_cqe_qpc_create_response	CMQ_CQE	QPC_CREATE	RESPONSE	57	7	50	RESERVED_ZERO	-	RAW_DECODE_MUTATION	-	READY_OK	CMQ_COMPLETION_CODEC	REJECT	CODEC_ERROR	0	1	cmq_cqe_qpc_create_response
cmq_cqe_qpc_create_response	CMQ_CQE	QPC_CREATE	RESPONSE	57	7	51	RESERVED_ZERO	-	RAW_DECODE_MUTATION	-	READY_OK	CMQ_COMPLETION_CODEC	REJECT	CODEC_ERROR	0	1	cmq_cqe_qpc_create_response
cmq_cqe_qpc_create_response	CMQ_CQE	QPC_CREATE	RESPONSE	57	7	52	RESERVED_ZERO	-	RAW_DECODE_MUTATION	-	READY_OK	CMQ_COMPLETION_CODEC	REJECT	CODEC_ERROR	0	1	cmq_cqe_qpc_create_response
cmq_cqe_qpc_create_response	CMQ_CQE	QPC_CREATE	RESPONSE	57	7	53	RESERVED_ZERO	-	RAW_DECODE_MUTATION	-	READY_OK	CMQ_COMPLETION_CODEC	REJECT	CODEC_ERROR	0	1	cmq_cqe_qpc_create_response
cmq_cqe_qpc_create_response	CMQ_CQE	QPC_CREATE	RESPONSE	57	7	54	RESERVED_ZERO	-	RAW_DECODE_MUTATION	-	READY_OK	CMQ_COMPLETION_CODEC	REJECT	CODEC_ERROR	0	1	cmq_cqe_qpc_create_response
cmq_cqe_qpc_create_response	CMQ_CQE	QPC_CREATE	RESPONSE	57	7	55	RESERVED_ZERO	-	RAW_DECODE_MUTATION	-	READY_OK	CMQ_COMPLETION_CODEC	REJECT	CODEC_ERROR	0	1	cmq_cqe_qpc_create_response
cmq_cqe_qpc_create_response	CMQ_CQE	QPC_CREATE	RESPONSE	56	7	56	RESERVED_ZERO	-	RAW_DECODE_MUTATION	-	READY_OK	CMQ_COMPLETION_CODEC	REJECT	CODEC_ERROR	0	1	cmq_cqe_qpc_create_response
cmq_cqe_qpc_create_response	CMQ_CQE	QPC_CREATE	RESPONSE	56	7	57	RESERVED_ZERO	-	RAW_DECODE_MUTATION	-	READY_OK	CMQ_COMPLETION_CODEC	REJECT	CODEC_ERROR	0	1	cmq_cqe_qpc_create_response
cmq_cqe_qpc_create_response	CMQ_CQE	QPC_CREATE	RESPONSE	56	7	58	RESERVED_ZERO	-	RAW_DECODE_MUTATION	-	READY_OK	CMQ_COMPLETION_CODEC	REJECT	CODEC_ERROR	0	1	cmq_cqe_qpc_create_response
cmq_cqe_qpc_create_response	CMQ_CQE	QPC_CREATE	RESPONSE	56	7	59	RESERVED_ZERO	-	RAW_DECODE_MUTATION	-	READY_OK	CMQ_COMPLETION_CODEC	REJECT	CODEC_ERROR	0	1	cmq_cqe_qpc_create_response
cmq_cqe_qpc_create_response	CMQ_CQE	QPC_CREATE	RESPONSE	56	7	60	RESERVED_ZERO	-	RAW_DECODE_MUTATION	-	READY_OK	CMQ_COMPLETION_CODEC	REJECT	CODEC_ERROR	0	1	cmq_cqe_qpc_create_response
cmq_cqe_qpc_create_response	CMQ_CQE	QPC_CREATE	RESPONSE	56	7	61	RESERVED_ZERO	-	RAW_DECODE_MUTATION	-	READY_OK	CMQ_COMPLETION_CODEC	REJECT	CODEC_ERROR	0	1	cmq_cqe_qpc_create_response
cmq_cqe_qpc_create_response	CMQ_CQE	QPC_CREATE	RESPONSE	56	7	62	RESERVED_ZERO	-	RAW_DECODE_MUTATION	-	READY_OK	CMQ_COMPLETION_CODEC	REJECT	CODEC_ERROR	0	1	cmq_cqe_qpc_create_response
cmq_cqe_qpc_create_response	CMQ_CQE	QPC_CREATE	RESPONSE	56	7	63	RESERVED_ZERO	-	RAW_DECODE_MUTATION	-	READY_OK	CMQ_COMPLETION_CODEC	REJECT	CODEC_ERROR	0	1	cmq_cqe_qpc_create_response
cmq_sq_doorbell	CMQ_SQ_DOORBELL	CMQ_SQ	REQUEST	7	0	0	RESERVED_ZERO	-	STATIC_UNWRITABLE	-	STATIC_UNWRITABLE	CMQ_DOORBELL_ENCODER	REJECT	-	-	0	cmq_sq_doorbell
cmq_sq_doorbell	CMQ_SQ_DOORBELL	CMQ_SQ	REQUEST	7	0	1	RESERVED_ZERO	-	STATIC_UNWRITABLE	-	STATIC_UNWRITABLE	CMQ_DOORBELL_ENCODER	REJECT	-	-	0	cmq_sq_doorbell
cmq_sq_doorbell	CMQ_SQ_DOORBELL	CMQ_SQ	REQUEST	7	0	2	RESERVED_ZERO	-	STATIC_UNWRITABLE	-	STATIC_UNWRITABLE	CMQ_DOORBELL_ENCODER	REJECT	-	-	0	cmq_sq_doorbell
cmq_sq_doorbell	CMQ_SQ_DOORBELL	CMQ_SQ	REQUEST	7	0	3	RESERVED_ZERO	-	STATIC_UNWRITABLE	-	STATIC_UNWRITABLE	CMQ_DOORBELL_ENCODER	REJECT	-	-	0	cmq_sq_doorbell
cmq_sq_doorbell	CMQ_SQ_DOORBELL	CMQ_SQ	REQUEST	7	0	4	RESERVED_ZERO	-	STATIC_UNWRITABLE	-	STATIC_UNWRITABLE	CMQ_DOORBELL_ENCODER	REJECT	-	-	0	cmq_sq_doorbell
cmq_sq_doorbell	CMQ_SQ_DOORBELL	CMQ_SQ	REQUEST	7	0	5	RESERVED_ZERO	-	STATIC_UNWRITABLE	-	STATIC_UNWRITABLE	CMQ_DOORBELL_ENCODER	REJECT	-	-	0	cmq_sq_doorbell
cmq_sq_doorbell	CMQ_SQ_DOORBELL	CMQ_SQ	REQUEST	7	0	6	RESERVED_ZERO	-	STATIC_UNWRITABLE	-	STATIC_UNWRITABLE	CMQ_DOORBELL_ENCODER	REJECT	-	-	0	cmq_sq_doorbell
cmq_sq_doorbell	CMQ_SQ_DOORBELL	CMQ_SQ	REQUEST	7	0	7	RESERVED_ZERO	-	STATIC_UNWRITABLE	-	STATIC_UNWRITABLE	CMQ_DOORBELL_ENCODER	REJECT	-	-	0	cmq_sq_doorbell
cmq_sq_doorbell	CMQ_SQ_DOORBELL	CMQ_SQ	REQUEST	6	0	8	RESERVED_ZERO	-	STATIC_UNWRITABLE	-	STATIC_UNWRITABLE	CMQ_DOORBELL_ENCODER	REJECT	-	-	0	cmq_sq_doorbell
cmq_sq_doorbell	CMQ_SQ_DOORBELL	CMQ_SQ	REQUEST	6	0	9	RESERVED_ZERO	-	STATIC_UNWRITABLE	-	STATIC_UNWRITABLE	CMQ_DOORBELL_ENCODER	REJECT	-	-	0	cmq_sq_doorbell
cmq_sq_doorbell	CMQ_SQ_DOORBELL	CMQ_SQ	REQUEST	6	0	10	RESERVED_ZERO	-	STATIC_UNWRITABLE	-	STATIC_UNWRITABLE	CMQ_DOORBELL_ENCODER	REJECT	-	-	0	cmq_sq_doorbell
cmq_sq_doorbell	CMQ_SQ_DOORBELL	CMQ_SQ	REQUEST	6	0	11	RESERVED_ZERO	-	STATIC_UNWRITABLE	-	STATIC_UNWRITABLE	CMQ_DOORBELL_ENCODER	REJECT	-	-	0	cmq_sq_doorbell
cmq_sq_doorbell	CMQ_SQ_DOORBELL	CMQ_SQ	REQUEST	6	0	12	RESERVED_ZERO	-	STATIC_UNWRITABLE	-	STATIC_UNWRITABLE	CMQ_DOORBELL_ENCODER	REJECT	-	-	0	cmq_sq_doorbell
cmq_sq_doorbell	CMQ_SQ_DOORBELL	CMQ_SQ	REQUEST	6	0	13	RESERVED_ZERO	-	STATIC_UNWRITABLE	-	STATIC_UNWRITABLE	CMQ_DOORBELL_ENCODER	REJECT	-	-	0	cmq_sq_doorbell
cmq_sq_doorbell	CMQ_SQ_DOORBELL	CMQ_SQ	REQUEST	6	0	14	RESERVED_ZERO	-	STATIC_UNWRITABLE	-	STATIC_UNWRITABLE	CMQ_DOORBELL_ENCODER	REJECT	-	-	0	cmq_sq_doorbell
cmq_sq_doorbell	CMQ_SQ_DOORBELL	CMQ_SQ	REQUEST	6	0	15	RESERVED_ZERO	-	STATIC_UNWRITABLE	-	STATIC_UNWRITABLE	CMQ_DOORBELL_ENCODER	REJECT	-	-	0	cmq_sq_doorbell
cmq_sq_doorbell	CMQ_SQ_DOORBELL	CMQ_SQ	REQUEST	5	0	16	RESERVED_ZERO	-	STATIC_UNWRITABLE	-	STATIC_UNWRITABLE	CMQ_DOORBELL_ENCODER	REJECT	-	-	0	cmq_sq_doorbell
cmq_sq_doorbell	CMQ_SQ_DOORBELL	CMQ_SQ	REQUEST	5	0	17	RESERVED_ZERO	-	STATIC_UNWRITABLE	-	STATIC_UNWRITABLE	CMQ_DOORBELL_ENCODER	REJECT	-	-	0	cmq_sq_doorbell
cmq_sq_doorbell	CMQ_SQ_DOORBELL	CMQ_SQ	REQUEST	5	0	18	RESERVED_ZERO	-	STATIC_UNWRITABLE	-	STATIC_UNWRITABLE	CMQ_DOORBELL_ENCODER	REJECT	-	-	0	cmq_sq_doorbell
cmq_sq_doorbell	CMQ_SQ_DOORBELL	CMQ_SQ	REQUEST	5	0	19	RESERVED_ZERO	-	STATIC_UNWRITABLE	-	STATIC_UNWRITABLE	CMQ_DOORBELL_ENCODER	REJECT	-	-	0	cmq_sq_doorbell
cmq_sq_doorbell	CMQ_SQ_DOORBELL	CMQ_SQ	REQUEST	5	0	20	RESERVED_ZERO	-	STATIC_UNWRITABLE	-	STATIC_UNWRITABLE	CMQ_DOORBELL_ENCODER	REJECT	-	-	0	cmq_sq_doorbell
cmq_sq_doorbell	CMQ_SQ_DOORBELL	CMQ_SQ	REQUEST	5	0	21	RESERVED_ZERO	-	STATIC_UNWRITABLE	-	STATIC_UNWRITABLE	CMQ_DOORBELL_ENCODER	REJECT	-	-	0	cmq_sq_doorbell
cmq_sq_doorbell	CMQ_SQ_DOORBELL	CMQ_SQ	REQUEST	5	0	22	RESERVED_ZERO	-	STATIC_UNWRITABLE	-	STATIC_UNWRITABLE	CMQ_DOORBELL_ENCODER	REJECT	-	-	0	cmq_sq_doorbell
cmq_sq_doorbell	CMQ_SQ_DOORBELL	CMQ_SQ	REQUEST	5	0	23	RESERVED_ZERO	-	STATIC_UNWRITABLE	-	STATIC_UNWRITABLE	CMQ_DOORBELL_ENCODER	REJECT	-	-	0	cmq_sq_doorbell
cmq_sq_doorbell	CMQ_SQ_DOORBELL	CMQ_SQ	REQUEST	4	0	24	RESERVED_ZERO	-	STATIC_UNWRITABLE	-	STATIC_UNWRITABLE	CMQ_DOORBELL_ENCODER	REJECT	-	-	0	cmq_sq_doorbell
cmq_sq_doorbell	CMQ_SQ_DOORBELL	CMQ_SQ	REQUEST	4	0	25	RESERVED_ZERO	-	STATIC_UNWRITABLE	-	STATIC_UNWRITABLE	CMQ_DOORBELL_ENCODER	REJECT	-	-	0	cmq_sq_doorbell
cmq_sq_doorbell	CMQ_SQ_DOORBELL	CMQ_SQ	REQUEST	4	0	26	RESERVED_ZERO	-	STATIC_UNWRITABLE	-	STATIC_UNWRITABLE	CMQ_DOORBELL_ENCODER	REJECT	-	-	0	cmq_sq_doorbell
cmq_sq_doorbell	CMQ_SQ_DOORBELL	CMQ_SQ	REQUEST	4	0	27	RESERVED_ZERO	-	STATIC_UNWRITABLE	-	STATIC_UNWRITABLE	CMQ_DOORBELL_ENCODER	REJECT	-	-	0	cmq_sq_doorbell
cmq_sq_doorbell	CMQ_SQ_DOORBELL	CMQ_SQ	REQUEST	4	0	28	RESERVED_ZERO	-	STATIC_UNWRITABLE	-	STATIC_UNWRITABLE	CMQ_DOORBELL_ENCODER	REJECT	-	-	0	cmq_sq_doorbell
cmq_sq_doorbell	CMQ_SQ_DOORBELL	CMQ_SQ	REQUEST	4	0	29	RESERVED_ZERO	-	STATIC_UNWRITABLE	-	STATIC_UNWRITABLE	CMQ_DOORBELL_ENCODER	REJECT	-	-	0	cmq_sq_doorbell
cmq_sq_doorbell	CMQ_SQ_DOORBELL	CMQ_SQ	REQUEST	4	0	30	RESERVED_ZERO	-	STATIC_UNWRITABLE	-	STATIC_UNWRITABLE	CMQ_DOORBELL_ENCODER	REJECT	-	-	0	cmq_sq_doorbell
cmq_sq_doorbell	CMQ_SQ_DOORBELL	CMQ_SQ	REQUEST	4	0	31	RESERVED_ZERO	-	STATIC_UNWRITABLE	-	STATIC_UNWRITABLE	CMQ_DOORBELL_ENCODER	REJECT	-	-	0	cmq_sq_doorbell
cmq_sq_doorbell	CMQ_SQ_DOORBELL	CMQ_SQ	REQUEST	3	0	32	HOST_TYPED	pi	TYPED_RECOMPOSE	-	ENCODED	CMQ_DOORBELL_ENCODER	ACCEPT	OK	1	1	cmq_sq_doorbell
cmq_sq_doorbell	CMQ_SQ_DOORBELL	CMQ_SQ	REQUEST	3	0	33	HOST_TYPED	pi	TYPED_RECOMPOSE	-	ENCODED	CMQ_DOORBELL_ENCODER	ACCEPT	OK	1	1	cmq_sq_doorbell
cmq_sq_doorbell	CMQ_SQ_DOORBELL	CMQ_SQ	REQUEST	3	0	34	HOST_TYPED	pi	TYPED_RECOMPOSE	-	ENCODED	CMQ_DOORBELL_ENCODER	ACCEPT	OK	1	1	cmq_sq_doorbell
cmq_sq_doorbell	CMQ_SQ_DOORBELL	CMQ_SQ	REQUEST	3	0	35	HOST_TYPED	pi	TYPED_RECOMPOSE	-	ENCODED	CMQ_DOORBELL_ENCODER	ACCEPT	OK	1	1	cmq_sq_doorbell
cmq_sq_doorbell	CMQ_SQ_DOORBELL	CMQ_SQ	REQUEST	3	0	36	HOST_TYPED	pi	TYPED_RECOMPOSE	-	ENCODED	CMQ_DOORBELL_ENCODER	ACCEPT	OK	1	1	cmq_sq_doorbell
cmq_sq_doorbell	CMQ_SQ_DOORBELL	CMQ_SQ	REQUEST	3	0	37	HOST_TYPED	polarity	TYPED_RECOMPOSE	-	ENCODED	CMQ_DOORBELL_ENCODER	ACCEPT	OK	1	1	cmq_sq_doorbell
cmq_sq_doorbell	CMQ_SQ_DOORBELL	CMQ_SQ	REQUEST	3	0	38	RESERVED_ZERO	-	STATIC_UNWRITABLE	-	STATIC_UNWRITABLE	CMQ_DOORBELL_ENCODER	REJECT	-	-	0	cmq_sq_doorbell
cmq_sq_doorbell	CMQ_SQ_DOORBELL	CMQ_SQ	REQUEST	3	0	39	RESERVED_ZERO	-	STATIC_UNWRITABLE	-	STATIC_UNWRITABLE	CMQ_DOORBELL_ENCODER	REJECT	-	-	0	cmq_sq_doorbell
cmq_sq_doorbell	CMQ_SQ_DOORBELL	CMQ_SQ	REQUEST	2	0	40	RESERVED_ZERO	-	STATIC_UNWRITABLE	-	STATIC_UNWRITABLE	CMQ_DOORBELL_ENCODER	REJECT	-	-	0	cmq_sq_doorbell
cmq_sq_doorbell	CMQ_SQ_DOORBELL	CMQ_SQ	REQUEST	2	0	41	RESERVED_ZERO	-	STATIC_UNWRITABLE	-	STATIC_UNWRITABLE	CMQ_DOORBELL_ENCODER	REJECT	-	-	0	cmq_sq_doorbell
cmq_sq_doorbell	CMQ_SQ_DOORBELL	CMQ_SQ	REQUEST	2	0	42	RESERVED_ZERO	-	STATIC_UNWRITABLE	-	STATIC_UNWRITABLE	CMQ_DOORBELL_ENCODER	REJECT	-	-	0	cmq_sq_doorbell
cmq_sq_doorbell	CMQ_SQ_DOORBELL	CMQ_SQ	REQUEST	2	0	43	RESERVED_ZERO	-	STATIC_UNWRITABLE	-	STATIC_UNWRITABLE	CMQ_DOORBELL_ENCODER	REJECT	-	-	0	cmq_sq_doorbell
cmq_sq_doorbell	CMQ_SQ_DOORBELL	CMQ_SQ	REQUEST	2	0	44	RESERVED_ZERO	-	STATIC_UNWRITABLE	-	STATIC_UNWRITABLE	CMQ_DOORBELL_ENCODER	REJECT	-	-	0	cmq_sq_doorbell
cmq_sq_doorbell	CMQ_SQ_DOORBELL	CMQ_SQ	REQUEST	2	0	45	RESERVED_ZERO	-	STATIC_UNWRITABLE	-	STATIC_UNWRITABLE	CMQ_DOORBELL_ENCODER	REJECT	-	-	0	cmq_sq_doorbell
cmq_sq_doorbell	CMQ_SQ_DOORBELL	CMQ_SQ	REQUEST	2	0	46	RESERVED_ZERO	-	STATIC_UNWRITABLE	-	STATIC_UNWRITABLE	CMQ_DOORBELL_ENCODER	REJECT	-	-	0	cmq_sq_doorbell
cmq_sq_doorbell	CMQ_SQ_DOORBELL	CMQ_SQ	REQUEST	2	0	47	RESERVED_ZERO	-	STATIC_UNWRITABLE	-	STATIC_UNWRITABLE	CMQ_DOORBELL_ENCODER	REJECT	-	-	0	cmq_sq_doorbell
cmq_sq_doorbell	CMQ_SQ_DOORBELL	CMQ_SQ	REQUEST	1	0	48	RESERVED_ZERO	-	STATIC_UNWRITABLE	-	STATIC_UNWRITABLE	CMQ_DOORBELL_ENCODER	REJECT	-	-	0	cmq_sq_doorbell
cmq_sq_doorbell	CMQ_SQ_DOORBELL	CMQ_SQ	REQUEST	1	0	49	RESERVED_ZERO	-	STATIC_UNWRITABLE	-	STATIC_UNWRITABLE	CMQ_DOORBELL_ENCODER	REJECT	-	-	0	cmq_sq_doorbell
cmq_sq_doorbell	CMQ_SQ_DOORBELL	CMQ_SQ	REQUEST	1	0	50	RESERVED_ZERO	-	STATIC_UNWRITABLE	-	STATIC_UNWRITABLE	CMQ_DOORBELL_ENCODER	REJECT	-	-	0	cmq_sq_doorbell
cmq_sq_doorbell	CMQ_SQ_DOORBELL	CMQ_SQ	REQUEST	1	0	51	RESERVED_ZERO	-	STATIC_UNWRITABLE	-	STATIC_UNWRITABLE	CMQ_DOORBELL_ENCODER	REJECT	-	-	0	cmq_sq_doorbell
cmq_sq_doorbell	CMQ_SQ_DOORBELL	CMQ_SQ	REQUEST	1	0	52	RESERVED_ZERO	-	STATIC_UNWRITABLE	-	STATIC_UNWRITABLE	CMQ_DOORBELL_ENCODER	REJECT	-	-	0	cmq_sq_doorbell
cmq_sq_doorbell	CMQ_SQ_DOORBELL	CMQ_SQ	REQUEST	1	0	53	RESERVED_ZERO	-	STATIC_UNWRITABLE	-	STATIC_UNWRITABLE	CMQ_DOORBELL_ENCODER	REJECT	-	-	0	cmq_sq_doorbell
cmq_sq_doorbell	CMQ_SQ_DOORBELL	CMQ_SQ	REQUEST	1	0	54	RESERVED_ZERO	-	STATIC_UNWRITABLE	-	STATIC_UNWRITABLE	CMQ_DOORBELL_ENCODER	REJECT	-	-	0	cmq_sq_doorbell
cmq_sq_doorbell	CMQ_SQ_DOORBELL	CMQ_SQ	REQUEST	1	0	55	RESERVED_ZERO	-	STATIC_UNWRITABLE	-	STATIC_UNWRITABLE	CMQ_DOORBELL_ENCODER	REJECT	-	-	0	cmq_sq_doorbell
cmq_sq_doorbell	CMQ_SQ_DOORBELL	CMQ_SQ	REQUEST	0	0	56	RESERVED_ZERO	-	STATIC_UNWRITABLE	-	STATIC_UNWRITABLE	CMQ_DOORBELL_ENCODER	REJECT	-	-	0	cmq_sq_doorbell
cmq_sq_doorbell	CMQ_SQ_DOORBELL	CMQ_SQ	REQUEST	0	0	57	RESERVED_ZERO	-	STATIC_UNWRITABLE	-	STATIC_UNWRITABLE	CMQ_DOORBELL_ENCODER	REJECT	-	-	0	cmq_sq_doorbell
cmq_sq_doorbell	CMQ_SQ_DOORBELL	CMQ_SQ	REQUEST	0	0	58	RESERVED_ZERO	-	STATIC_UNWRITABLE	-	STATIC_UNWRITABLE	CMQ_DOORBELL_ENCODER	REJECT	-	-	0	cmq_sq_doorbell
cmq_sq_doorbell	CMQ_SQ_DOORBELL	CMQ_SQ	REQUEST	0	0	59	RESERVED_ZERO	-	STATIC_UNWRITABLE	-	STATIC_UNWRITABLE	CMQ_DOORBELL_ENCODER	REJECT	-	-	0	cmq_sq_doorbell
cmq_sq_doorbell	CMQ_SQ_DOORBELL	CMQ_SQ	REQUEST	0	0	60	RESERVED_ZERO	-	STATIC_UNWRITABLE	-	STATIC_UNWRITABLE	CMQ_DOORBELL_ENCODER	REJECT	-	-	0	cmq_sq_doorbell
cmq_sq_doorbell	CMQ_SQ_DOORBELL	CMQ_SQ	REQUEST	0	0	61	RESERVED_ZERO	-	STATIC_UNWRITABLE	-	STATIC_UNWRITABLE	CMQ_DOORBELL_ENCODER	REJECT	-	-	0	cmq_sq_doorbell
cmq_sq_doorbell	CMQ_SQ_DOORBELL	CMQ_SQ	REQUEST	0	0	62	RESERVED_ZERO	-	STATIC_UNWRITABLE	-	STATIC_UNWRITABLE	CMQ_DOORBELL_ENCODER	REJECT	-	-	0	cmq_sq_doorbell
cmq_sq_doorbell	CMQ_SQ_DOORBELL	CMQ_SQ	REQUEST	0	0	63	RESERVED_ZERO	-	STATIC_UNWRITABLE	-	STATIC_UNWRITABLE	CMQ_DOORBELL_ENCODER	REJECT	-	-	0	cmq_sq_doorbell
